{"images":[{"id":295,"dataset_id":7,"category_ids":[1],"path":"/datasets/nail2/00820.png","width":3971,"height":3971,"file_name":"00820.png","annotated":true,"annotating":[],"num_annotations":6,"metadata":{},"milliseconds":0,"events":[],"regenerate_thumbnail":false,"is_modified":false},{"id":296,"dataset_id":7,"category_ids":[1],"path":"/datasets/nail2/00821.png","width":4160,"height":4160,"file_name":"00821.png","annotated":true,"annotating":[],"num_annotations":6,"metadata":{},"milliseconds":0,"events":[],"regenerate_thumbnail":false,"is_modified":false},{"id":297,"dataset_id":7,"category_ids":[1],"path":"/datasets/nail2/00822.png","width":4009,"height":4009,"file_name":"00822.png","annotated":true,"annotating":[],"num_annotations":10,"metadata":{},"milliseconds":0,"events":[],"regenerate_thumbnail":false,"is_modified":false},{"id":298,"dataset_id":7,"category_ids":[1],"path":"/datasets/nail2/00823.png","width":3774,"height":3774,"file_name":"00823.png","annotated":true,"annotating":[],"num_annotations":5,"metadata":{},"milliseconds":0,"events":[],"regenerate_thumbnail":false,"is_modified":false},{"id":299,"dataset_id":7,"category_ids":[1],"path":"/datasets/nail2/00824.png","width":3833,"height":3833,"file_name":"00824.png","annotated":true,"annotating":[],"num_annotations":3,"metadata":{},"milliseconds":0,"events":[],"regenerate_thumbnail":false,"is_modified":false},{"id":300,"dataset_id":7,"category_ids":[1],"path":"/datasets/nail2/00825.png","width":3709,"height":3709,"file_name":"00825.png","annotated":true,"annotating":[],"num_annotations":5,"metadata":{},"milliseconds":0,"events":[],"regenerate_thumbnail":false,"is_modified":false},{"id":301,"dataset_id":7,"category_ids":[1],"path":"/datasets/nail2/00826.png","width":4160,"height":4160,"file_name":"00826.png","annotated":true,"annotating":[],"num_annotations":6,"metadata":{},"milliseconds":0,"events":[],"regenerate_thumbnail":false,"is_modified":false},{"id":302,"dataset_id":7,"category_ids":[1],"path":"/datasets/nail2/00827.png","width":4160,"height":4160,"file_name":"00827.png","annotated":true,"annotating":[],"num_annotations":7,"metadata":{},"milliseconds":0,"events":[],"regenerate_thumbnail":false,"is_modified":false},{"id":303,"dataset_id":7,"category_ids":[1],"path":"/datasets/nail2/00828.png","width":3575,"height":3575,"file_name":"00828.png","annotated":true,"annotating":[],"num_annotations":2,"metadata":{},"milliseconds":0,"events":[],"regenerate_thumbnail":false,"is_modified":false},{"id":304,"dataset_id":7,"category_ids":[1],"path":"/datasets/nail2/00829.png","width":4160,"height":4160,"file_name":"00829.png","annotated":true,"annotating":[],"num_annotations":7,"metadata":{},"milliseconds":0,"events":[],"regenerate_thumbnail":false,"is_modified":false},{"id":305,"dataset_id":7,"category_ids":[1],"path":"/datasets/nail2/00830.png","width":1848,"height":1848,"file_name":"00830.png","annotated":true,"annotating":[],"num_annotations":5,"metadata":{},"milliseconds":0,"events":[],"regenerate_thumbnail":false,"is_modified":false},{"id":306,"dataset_id":7,"category_ids":[1],"path":"/datasets/nail2/00831.png","width":4160,"height":4160,"file_name":"00831.png","annotated":true,"annotating":[],"num_annotations":7,"metadata":{},"milliseconds":0,"events":[],"regenerate_thumbnail":false,"is_modified":false},{"id":307,"dataset_id":7,"category_ids":[1],"path":"/datasets/nail2/00832.png","width":3976,"height":3976,"file_name":"00832.png","annotated":true,"annotating":[],"num_annotations":9,"metadata":{},"milliseconds":0,"events":[],"regenerate_thumbnail":false,"is_modified":false},{"id":308,"dataset_id":7,"category_ids":[1],"path":"/datasets/nail2/00833.png","width":4160,"height":4160,"file_name":"00833.png","annotated":true,"annotating":[],"num_annotations":4,"metadata":{},"milliseconds":0,"events":[],"regenerate_thumbnail":false,"is_modified":false},{"id":309,"dataset_id":7,"category_ids":[1],"path":"/datasets/nail2/00834.png","width":4160,"height":4160,"file_name":"00834.png","annotated":true,"annotating":[],"num_annotations":3,"metadata":{},"milliseconds":0,"events":[],"regenerate_thumbnail":false,"is_modified":false},{"id":310,"dataset_id":7,"category_ids":[1],"path":"/datasets/nail2/00835.png","width":4160,"height":4160,"file_name":"00835.png","annotated":true,"annotating":[],"num_annotations":6,"metadata":{},"milliseconds":0,"events":[],"regenerate_thumbnail":false,"is_modified":false},{"id":311,"dataset_id":7,"category_ids":[1],"path":"/datasets/nail2/00836.png","width":2333,"height":2333,"file_name":"00836.png","annotated":true,"annotating":[],"num_annotations":4,"metadata":{},"milliseconds":0,"events":[],"regenerate_thumbnail":false,"is_modified":false},{"id":312,"dataset_id":7,"category_ids":[1],"path":"/datasets/nail2/00837.png","width":4160,"height":4160,"file_name":"00837.png","annotated":true,"annotating":[],"num_annotations":10,"metadata":{},"milliseconds":0,"events":[],"regenerate_thumbnail":false,"is_modified":false},{"id":313,"dataset_id":7,"category_ids":[1],"path":"/datasets/nail2/00838.png","width":2855,"height":2855,"file_name":"00838.png","annotated":true,"annotating":[],"num_annotations":8,"metadata":{},"milliseconds":0,"events":[],"regenerate_thumbnail":false,"is_modified":false},{"id":314,"dataset_id":7,"category_ids":[1],"path":"/datasets/nail2/00839.png","width":4160,"height":4160,"file_name":"00839.png","annotated":true,"annotating":[],"num_annotations":5,"metadata":{},"milliseconds":0,"events":[],"regenerate_thumbnail":false,"is_modified":false},{"id":315,"dataset_id":7,"category_ids":[1],"path":"/datasets/nail2/00840.png","width":3957,"height":3957,"file_name":"00840.png","annotated":true,"annotating":[],"num_annotations":3,"metadata":{},"milliseconds":0,"events":[],"regenerate_thumbnail":false,"is_modified":false}],"categories":[{"id":1,"name":"nail","supercategory":"","color":"#f90606","metadata":{},"creator":"admin","keypoint_colors":[]}],"annotations":[{"id":56,"image_id":295,"category_id":1,"dataset_id":7,"segmentation":[[1231.5,2619.7,1249.4,2571.6,1268.1,2553,1293.9,2540.1,1334,2529.3,1372.7,2526.4,1411.5,2526.4,1443.7,2530,1460.2,2537.9,1473.8,2550.8,1491,2581.6,1506.1,2617.5,1507.5,2686.3,1503.9,2699.2,1478.8,2712.1,1430.8,2725,1394.2,2731.5,1312.5,2730.8,1281.7,2726.5,1250.1,2712.1,1236.5,2700.7,1227.9,2679.9,1224.3,2660.5,1223.6,2645.4]],"area":49195,"bbox":[1224,2526,284,206],"iscrowd":false,"isbbox":false,"creator":"admin","width":3971,"height":3971,"color":"#043ebc","metadata":{},"milliseconds":82970,"events":[{"_cls":"SessionEvent","created_at":{"$date":1730095769955},"user":"admin","milliseconds":41485,"tools_used":["Polygon"]}]},{"id":57,"image_id":295,"category_id":1,"dataset_id":7,"segmentation":[[1366.5,1125.6,1382.7,1105.9,1423.9,1071.8,1459.1,1052.1,1509.3,1039,1527.9,1042.5,1545.2,1056.9,1549.4,1080.8,1540.4,1101.7,1506.3,1121.4,1456.8,1135.8,1420.3,1138.7,1388,1138.1,1366.5,1132.8]],"area":11468,"bbox":[1367,1039,182,100],"iscrowd":false,"isbbox":false,"creator":"admin","width":3971,"height":3971,"color":"#3a17c3","metadata":{},"milliseconds":30658,"events":[{"_cls":"SessionEvent","created_at":{"$date":1730095811440},"user":"admin","milliseconds":15329,"tools_used":["Polygon"]}]},{"id":58,"image_id":295,"category_id":1,"dataset_id":7,"segmentation":[[1259,798.2,1265.6,785,1287.1,758.1,1318.1,730.1,1346.2,709.7,1367.7,700.8,1391,704.4,1409.6,724.1,1404.2,752.2,1368.3,786.2,1323.5,811.3,1293,810.7,1259,805.9]],"area":9673,"bbox":[1259,701,151,110],"iscrowd":false,"isbbox":false,"creator":"admin","width":3971,"height":3971,"color":"#dd76dd","metadata":{},"milliseconds":32500,"events":[{"_cls":"SessionEvent","created_at":{"$date":1730095826769},"user":"admin","milliseconds":16250,"tools_used":["Polygon"]}]},{"id":59,"image_id":295,"category_id":1,"dataset_id":7,"segmentation":[[1000.9,872.3,1051.1,831.6,1090.5,826.3,1121.6,835.2,1128.7,860.3,1122.8,874.7,1041.5,906.9,1009.8,915.9,977.9,907]],"area":7764,"bbox":[978,826,151,90],"iscrowd":false,"isbbox":false,"creator":"admin","width":3971,"height":3971,"color":"#e35861","metadata":{},"milliseconds":31092,"events":[{"_cls":"SessionEvent","created_at":{"$date":1730095844547},"user":"admin","milliseconds":15546,"tools_used":["Polygon"]}]},{"id":60,"image_id":295,"category_id":1,"dataset_id":7,"segmentation":[[2358.2,2054.7,2361.8,1963.9,2369,1912.5,2381.5,1865.3,2407.8,1832.5,2433.5,1812.8,2465.8,1802.6,2487.3,1806.8,2524.9,1826.5,2535.1,1840.2,2540.5,1876.1,2543.5,1920.9,2535.7,1960.9,2523.7,1971.7,2505.2,1978.9,2448.5,2007.5,2357,2055.9]],"area":31563,"bbox":[2357,1803,187,253],"iscrowd":false,"isbbox":false,"creator":"admin","width":3971,"height":3971,"color":"#48b3e7","metadata":{},"milliseconds":72228,"events":[{"_cls":"SessionEvent","created_at":{"$date":1730095865800},"user":"admin","milliseconds":24076,"tools_used":["Polygon"]}]},{"id":61,"image_id":295,"category_id":1,"dataset_id":7,"segmentation":[[2012.3,1855.8,2008.7,1849.8,2017.1,1839,2041,1827.1,2065.5,1817.5,2095.9,1810.4,2152.1,1808.6,2181.4,1812.2,2113.3,1840.2,2080.4,1847.4,2049.9,1857.6,2014.1,1856.4]],"area":4180,"bbox":[2009,1809,172,49],"iscrowd":false,"isbbox":false,"creator":"admin","width":3971,"height":3971,"color":"#5e81f8","metadata":{},"milliseconds":32114,"events":[{"_cls":"SessionEvent","created_at":{"$date":1730095889877},"user":"admin","milliseconds":16057,"tools_used":["Polygon"]}]},{"id":62,"image_id":296,"category_id":1,"dataset_id":7,"segmentation":[[1543.8,2945.5,1543.4,2952,1538.6,2965.9,1524.2,2976.4,1508.1,2982,1492.5,2979.4,1481.2,2966.4,1473.8,2952,1475.5,2933.8,1480.8,2919.8,1493.4,2913.3,1536.8,2905.9,1543.4,2912.5,1546.8,2928.1,1543.8,2946.4]],"area":4256,"bbox":[1474,2906,73,76],"iscrowd":false,"isbbox":false,"creator":"admin","width":4160,"height":4160,"color":"#23bb48","metadata":{},"milliseconds":67594,"events":[{"_cls":"SessionEvent","created_at":{"$date":1730095910701},"user":"admin","milliseconds":33797,"tools_used":["Polygon"]}]},{"id":63,"image_id":296,"category_id":1,"dataset_id":7,"segmentation":[[2564,2326.7,2569.7,2340.1,2570.5,2361,2567.9,2381.4,2550.1,2393.6,2500.1,2416.2,2471.4,2422.3,2458.8,2422.3,2454.5,2414.5,2450.6,2401.4,2451.9,2368,2458.4,2351,2468.4,2332.3,2483.2,2324.5,2498.4,2323.6,2541.8,2315.8,2555.3,2315.4,2564,2327.1]],"area":9694,"bbox":[2451,2315,120,107],"iscrowd":false,"isbbox":false,"creator":"admin","width":4160,"height":4160,"color":"#33f13c","metadata":{},"milliseconds":59136,"events":[{"_cls":"SessionEvent","created_at":{"$date":1730095944499},"user":"admin","milliseconds":29568,"tools_used":["Polygon"]}]},{"id":64,"image_id":296,"category_id":1,"dataset_id":7,"segmentation":[[2147,2211.8,2114.6,2226,2100.1,2227.3,2088.9,2219.8,2085,2212.5,2085.2,2202,2089.8,2189.8,2099.4,2178.6,2112.8,2166.9,2127.5,2159.6,2170.5,2142.8,2172.7,2147,2169.1,2168.3,2162.8,2184.6,2153.9,2200.3]],"area":4295,"bbox":[2085,2143,88,84],"iscrowd":false,"isbbox":false,"creator":"admin","width":4160,"height":4160,"color":"#e1a702","metadata":{},"milliseconds":53208,"events":[{"_cls":"SessionEvent","created_at":{"$date":1730095974067},"user":"admin","milliseconds":26604,"tools_used":["Polygon"]}]},{"id":65,"image_id":296,"category_id":1,"dataset_id":7,"segmentation":[[2103.7,2087.8,2086.8,2082.6,2072.9,2065.6,2069.8,2052.6,2073.7,2036.9,2082.4,2026.9,2098.1,2013.5,2108.9,2009.1,2156.3,1998.7,2148.1,2059.1,2136.3,2073,2119.4,2082.6,2103.7,2087.4]],"area":5235,"bbox":[2070,1999,86,89],"iscrowd":false,"isbbox":false,"creator":"admin","width":4160,"height":4160,"color":"#24569d","metadata":{},"milliseconds":50330,"events":[{"_cls":"SessionEvent","created_at":{"$date":1730096000671},"user":"admin","milliseconds":25165,"tools_used":["Polygon"]}]},{"id":66,"image_id":296,"category_id":1,"dataset_id":7,"segmentation":[[2085.9,1935.2,2083.7,1922.6,2088.1,1909.1,2100.7,1897.4,2117.6,1888.3,2137.2,1883.1,2149.4,1876.5,2160.2,1873.5,2158.5,1884.4,2159.8,1905.2,2155.9,1928.3,2139.4,1942.6,2116.8,1953.5,2099.8,1950,2088.1,1938.7]],"area":4057,"bbox":[2084,1874,76,80],"iscrowd":false,"isbbox":false,"creator":"admin","width":4160,"height":4160,"color":"#c6602a","metadata":{},"milliseconds":36554,"events":[{"_cls":"SessionEvent","created_at":{"$date":1730096027692},"user":"admin","milliseconds":18277,"tools_used":["Polygon"]}]},{"id":67,"image_id":296,"category_id":1,"dataset_id":7,"segmentation":[[2292.8,1678.3,2298.9,1668.3,2306.7,1663.1,2318.9,1658.8,2332.8,1654.9,2373.7,1650.5,2361.9,1674.4,2346.7,1684.4,2325.4,1690.1,2301.9,1690.5,2294.1,1683.1]],"area":2049,"bbox":[2293,1651,80,40],"iscrowd":false,"isbbox":false,"creator":"admin","width":4160,"height":4160,"color":"#7725a8","metadata":{},"milliseconds":37940,"events":[{"_cls":"SessionEvent","created_at":{"$date":1730096045969},"user":"admin","milliseconds":18970,"tools_used":["Polygon"]}]},{"id":68,"image_id":297,"category_id":1,"dataset_id":7,"segmentation":[[958.8,2180.9,977.5,2172.2,997.8,2167.1,1023.3,2177.5,1034.9,2198.6,1046.1,2232.8,1050.7,2265.5,1045.1,2301.2,1037.8,2316.7,1023.3,2323.2,986.2,2322.7,970.7,2315.5,959.5,2285.2,949.1,2227,951.8,2192.1,959.3,2181.2]],"area":12686,"bbox":[949,2167,102,156],"iscrowd":false,"isbbox":false,"creator":"admin","width":4009,"height":4009,"color":"#c509ca","metadata":{},"milliseconds":157546,"events":[{"_cls":"SessionEvent","created_at":{"$date":1730096069839},"user":"admin","milliseconds":78773,"tools_used":["Polygon"]}]},{"id":69,"image_id":297,"category_id":1,"dataset_id":7,"segmentation":[[1272.9,2342.3,1265.3,2321.7,1261.8,2306.8,1262.4,2303,1292.6,2301.3,1336.6,2295.5,1361.6,2299,1384.6,2312.1,1398.2,2338.2,1402.6,2374.9,1396.2,2391.8,1359,2413.3,1342.1,2412.4,1320.3,2405.2,1304.9,2395.6,1287.1,2374.9,1275.8,2353.7,1272.6,2342.3]],"area":12188,"bbox":[1262,2296,141,117],"iscrowd":false,"isbbox":false,"creator":"admin","width":4009,"height":4009,"color":"#4d1ded","metadata":{},"milliseconds":47508,"events":[{"_cls":"SessionEvent","created_at":{"$date":1730096148612},"user":"admin","milliseconds":23754,"tools_used":["Polygon"]}]},{"id":70,"image_id":297,"category_id":1,"dataset_id":7,"segmentation":[[1562.2,2531.2,1558.5,2501.1,1558,2481.8,1563.1,2473.4,1614.6,2461.7,1653.1,2457.1,1679.9,2461.3,1692.5,2481.4,1702.1,2511.5,1704.7,2543,1699.6,2560.5,1683.3,2575.2,1664,2584,1645.2,2587.8,1624.2,2587.8,1605.4,2586.5,1591.6,2581.1,1579.8,2572.3,1570.2,2562.6,1563.9,2542.5]],"area":15936,"bbox":[1558,2457,147,131],"iscrowd":false,"isbbox":false,"creator":"admin","width":4009,"height":4009,"color":"#18d062","metadata":{},"milliseconds":58892,"events":[{"_cls":"SessionEvent","created_at":{"$date":1730096172366},"user":"admin","milliseconds":29446,"tools_used":["Polygon"]}]},{"id":71,"image_id":297,"category_id":1,"dataset_id":7,"segmentation":[[1869.3,2434.5,1868.9,2371.2,1872.2,2357.8,1883.5,2344,1915.4,2336.9,1926.3,2336,1947.2,2335.2,1961,2338.9,1977.8,2351.9,1988.7,2370.8,1995.4,2392.1,2007.5,2460,2004.6,2484.7,1987,2496.5,1968.6,2505.3,1942.2,2509.9,1924.2,2509.9,1900.7,2503.6,1884.4,2494.4,1875.1,2484.7,1871.4,2468.4,1868.9,2433.2]],"area":20472,"bbox":[1869,2335,139,175],"iscrowd":false,"isbbox":false,"creator":"admin","width":4009,"height":4009,"color":"#73f65c","metadata":{},"milliseconds":132956,"events":[{"_cls":"SessionEvent","created_at":{"$date":1730096201813},"user":"admin","milliseconds":66478,"tools_used":["Polygon"]}]},{"id":72,"image_id":297,"category_id":1,"dataset_id":7,"segmentation":[[2389.1,1416.1,2347.4,1419.6,2304,1417.9,2284.9,1403.1,2258.8,1369.2,2240.6,1327.5,2242.3,1293.7,2267.5,1275.4,2311.8,1270.2,2335.2,1278.9,2370,1306.7,2401.3,1356.2,2421.2,1403.1,2421.2,1420.5,2387.4,1415.3]],"area":18945,"bbox":[2241,1270,180,150],"iscrowd":false,"isbbox":false,"creator":"admin","width":4009,"height":4009,"color":"#880df0","metadata":{},"milliseconds":46014,"events":[{"_cls":"SessionEvent","created_at":{"$date":1730096268291},"user":"admin","milliseconds":23007,"tools_used":["Polygon"]}]},{"id":73,"image_id":297,"category_id":1,"dataset_id":7,"segmentation":[[2369,2037.7,2363.9,2072,2349.1,2079.8,2323.1,2085.9,2312.7,2085.9,2304.8,2078,2293.5,2059.8,2272.7,2007.7,2263.1,1959,2257.1,1911.3,2264.9,1900.8,2290.1,1893.9,2317,1900,2332.6,1906.1,2354.4,1963.4]],"area":15031,"bbox":[2257,1894,112,192],"iscrowd":false,"isbbox":false,"creator":"admin","width":4009,"height":4009,"color":"#aa0b67","metadata":{},"milliseconds":47268,"events":[{"_cls":"SessionEvent","created_at":{"$date":1730096291298},"user":"admin","milliseconds":23634,"tools_used":["Polygon"]}]},{"id":74,"image_id":297,"category_id":1,"dataset_id":7,"segmentation":[[2481.7,2610.7,2502.4,2573.5,2510.4,2564.9,2526,2561.9,2548.1,2560.9,2588.8,2569.9,2604.4,2587,2602.4,2622.7,2593.3,2656.4,2576.7,2681.5,2562.7,2693.6,2537.5,2697.1,2482.7,2681.5,2472.7,2674,2469.7,2650.7]],"area":14202,"bbox":[2470,2561,134,136],"iscrowd":false,"isbbox":false,"creator":"admin","width":4009,"height":4009,"color":"#5eca25","metadata":{},"milliseconds":59400,"events":[{"_cls":"SessionEvent","created_at":{"$date":1730096317819},"user":"admin","milliseconds":29700,"tools_used":["Polygon"]}]},{"id":75,"image_id":297,"category_id":1,"dataset_id":7,"segmentation":[[2860.3,2865,2868.3,2833.9,2892.4,2788.6,2915.1,2779.1,2970.3,2776,2988.4,2785.1,2997.5,2798.2,3003,2824.8,2994.5,2862.5,2985.4,2891.7,2971.9,2910.8,2953.8,2921.3,2925.1,2923.3,2894.9,2922.8,2874.8,2913.8,2862.3,2892.7,2859.8,2870]],"area":16903,"bbox":[2860,2776,143,147],"iscrowd":false,"isbbox":false,"creator":"admin","width":4009,"height":4009,"color":"#937a24","metadata":{},"milliseconds":46136,"events":[{"_cls":"SessionEvent","created_at":{"$date":1730096347520},"user":"admin","milliseconds":23068,"tools_used":["Polygon"]}]},{"id":76,"image_id":297,"category_id":1,"dataset_id":7,"segmentation":[[3213.4,2763.9,3222.8,2723.4,3238.2,2687.4,3255.6,2672.1,3259.8,2668.9,3313.9,2663.3,3329.3,2665.8,3338,2681.5,3335.2,2706.6,3327.9,2744.3,3315.7,2775,3305.6,2807.2,3299.3,2815.5,3287.8,2821.1,3276.2,2824.3,3267.5,2824.3,3239.6,2817.6,3220.7,2811.3,3211,2803.7,3207.1,2786.2,3213.4,2762.1]],"area":15457,"bbox":[3207,2663,131,161],"iscrowd":false,"isbbox":false,"creator":"admin","width":4009,"height":4009,"color":"#c62551","metadata":{},"milliseconds":43666,"events":[{"_cls":"SessionEvent","created_at":{"$date":1730096370588},"user":"admin","milliseconds":21833,"tools_used":["Polygon"]}]},{"id":77,"image_id":297,"category_id":1,"dataset_id":7,"segmentation":[[3442.7,2486.7,3443.4,2452.8,3453.2,2418.6,3475.2,2389,3496.5,2382,3515,2387.2,3522.7,2400.8,3524.4,2430.5,3517.8,2488.8,3512.9,2512.2,3507.3,2521.6,3493,2523.4,3465.8,2521.3,3448,2516,3440,2505.9]],"area":9500,"bbox":[3440,2382,84,141],"iscrowd":false,"isbbox":false,"creator":"admin","width":4009,"height":4009,"color":"#e337cb","metadata":{},"milliseconds":57870,"events":[{"_cls":"SessionEvent","created_at":{"$date":1730096392422},"user":"admin","milliseconds":28935,"tools_used":["Polygon"]}]},{"id":78,"image_id":298,"category_id":1,"dataset_id":7,"segmentation":[[852.1,2601.3,872.7,2605.2,929.6,2607.2,975.7,2601.3,1008.1,2603.2,1037.5,2613.1,1062.1,2639.6,1099.4,2701.4,1149.4,2813.2,1152.3,2833.8,1146.5,2876,1128.8,2910.4,1090.5,2931,1028.7,2952.6,996.3,2952.6,972.8,2936.9,940.4,2901.5,886.4,2794.6,847.2,2680.8,840.3,2642.5,844.2,2618.9,852.1,2604.2]],"area":76245,"bbox":[840,2601,312,352],"iscrowd":false,"isbbox":false,"creator":"admin","width":3774,"height":3774,"color":"#2deb14","metadata":{},"milliseconds":60892,"events":[{"_cls":"SessionEvent","created_at":{"$date":1730096426678},"user":"admin","milliseconds":30446,"tools_used":["Polygon"]}]},{"id":79,"image_id":298,"category_id":1,"dataset_id":7,"segmentation":[[1919.7,1319,1914.8,1322.9,1918.9,1318.8,1923.6,1319],[1875.5,1317,1826.5,1314.1,1794.1,1310.1,1760.7,1280.7,1741.1,1241.5,1730.3,1167.9,1730.3,1163,1732.3,1160,1734.2,1086.4,1739.1,1051.1,1770.5,1030.5,1811.7,1023.6,1858.8,1023.6,1908.9,1037.4,1939.3,1059.9,1965.8,1099.2,1968.7,1184.5,1961.9,1268.9,1929.5,1308.2,1918.9,1318.8]],"area":60832,"bbox":[1730,1024,239,298],"iscrowd":false,"isbbox":false,"creator":"admin","width":3774,"height":3774,"color":"#5bdc3d","metadata":{},"milliseconds":111852,"events":[{"_cls":"SessionEvent","created_at":{"$date":1730096457124},"user":"admin","milliseconds":55926,"tools_used":["Polygon"]}]},{"id":80,"image_id":298,"category_id":1,"dataset_id":7,"segmentation":[[2071.5,935.1,2055.7,867.3,2048.6,807.3,2049,763.6,2053.7,729.2,2066.7,711.5,2093.9,698.5,2131.4,691,2198,687.4,2241.4,690.2,2267.8,698.5,2285.6,707.2,2295.1,729.6,2305.7,782.9,2310,857.4,2302.2,959.2,2288.4,981.6,2263.9,999,2234.3,1008.1,2193.7,1012.4,2142,1006.1,2104.2,989.5,2081.3,961.1,2071.1,935.1]],"area":73735,"bbox":[2049,687,261,325],"iscrowd":false,"isbbox":false,"creator":"admin","width":3774,"height":3774,"color":"#aacd2c","metadata":{},"milliseconds":64816,"events":[{"_cls":"SessionEvent","created_at":{"$date":1730096513050},"user":"admin","milliseconds":32408,"tools_used":["Polygon"]}]},{"id":81,"image_id":298,"category_id":1,"dataset_id":7,"segmentation":[[2547.7,1026.2,2548,979.7,2557.5,949.3,2577.2,930,2604.8,915.8,2649.4,911.4,2707.4,909.9,2740.5,911.8,2764.1,929.6,2781.9,955.6,2790.6,1010,2793.7,1168.2,2786.2,1207.6,2763.8,1236,2733.4,1249.8,2679,1259.3,2642.3,1252.2,2605.6,1230.9,2578,1178.8,2561.5,1086.1,2548.4,1026.2]],"area":72863,"bbox":[2548,910,246,349],"iscrowd":false,"isbbox":false,"creator":"admin","width":3774,"height":3774,"color":"#bdd202","metadata":{},"milliseconds":52072,"events":[{"_cls":"SessionEvent","created_at":{"$date":1730096545458},"user":"admin","milliseconds":26036,"tools_used":["Polygon"]}]},{"id":82,"image_id":298,"category_id":1,"dataset_id":7,"segmentation":[[3309.1,1800.5,3288.2,1758,3284.3,1665.7,3285.1,1594.7,3294.5,1565.9,3324.9,1550.9,3388,1538.3,3434.9,1534.8,3446.3,1539.1,3458.6,1558.4,3464.5,1601.8,3466.1,1678.7,3460.9,1758.3,3457,1795,3444.4,1819.5,3419.1,1831.7,3382.5,1838.8,3354.5,1834.5,3343.1,1830.3]],"area":48310,"bbox":[3284,1535,182,304],"iscrowd":false,"isbbox":false,"creator":"admin","width":3774,"height":3774,"color":"#1caf64","metadata":{},"milliseconds":42654,"events":[{"_cls":"SessionEvent","created_at":{"$date":1730096571495},"user":"admin","milliseconds":21327,"tools_used":["Polygon"]}]},{"id":83,"image_id":299,"category_id":1,"dataset_id":7,"segmentation":[[2207.5,593.3,2214.4,564.9,2242.1,540,2268.4,521.3,2300.3,510.3,2331.4,502,2370.9,499.2,2395.1,499.9,2418.6,510.3,2435.9,526.9,2455.3,560.1,2482.3,616.2,2505.1,681.9,2507.9,720,2496.1,740.7,2467.1,752.5,2387.5,778.1,2337.6,791.2,2296.1,788.5,2267,765.6,2240.1,709.6,2236.6,706.1,2218.6,650.1,2208.2,591.2]],"area":65808,"bbox":[2208,499,300,292],"iscrowd":false,"isbbox":false,"creator":"admin","width":3833,"height":3833,"color":"#a8fd30","metadata":{},"milliseconds":1797,"events":[{"_cls":"SessionEvent","created_at":{"$date":1730096675112},"user":"admin","milliseconds":599,"tools_used":["Polygon"]}]},{"id":84,"image_id":299,"category_id":1,"dataset_id":7,"segmentation":[[2192.6,2770.2,2171.8,2708.8,2129.5,2607.5,2102.9,2516.1,2082.9,2423.1,2109.5,2365.8,2168.5,2307.7,2268.1,2301,2301.4,2335.9,2348.7,2453,2368.6,2553.5,2369.5,2604.1,2342.1,2654.8,2300.5,2690.5,2191.7,2772.7]],"area":91215,"bbox":[2083,2301,287,471],"iscrowd":false,"isbbox":false,"creator":"admin","width":3833,"height":3833,"color":"#1f85b3","metadata":{},"milliseconds":56838,"events":[{"_cls":"SessionEvent","created_at":{"$date":1730096675712},"user":"admin","milliseconds":28419,"tools_used":["Polygon"]}]},{"id":85,"image_id":299,"category_id":1,"dataset_id":7,"segmentation":[[875.3,815.3,877.2,814.8,877.7,816.1],[877.2,814.8,875.3,809.3,880.9,777.6,900.1,715.2,928.5,651.1,959.4,595.4,989.8,552.9,1024.6,517.3,1042.3,505.7,1064.7,498.9,1091.1,502.1,1128.8,512.5,1130.8,527.7,1120.4,572.6,1095.5,639.1,1029.5,746.8,993.4,784,914.1,806.5]],"area":41493,"bbox":[875,499,256,317],"iscrowd":false,"isbbox":false,"creator":"admin","width":3833,"height":3833,"color":"#0ec405","metadata":{},"milliseconds":89913,"events":[{"_cls":"SessionEvent","created_at":{"$date":1730096704132},"user":"admin","milliseconds":29971,"tools_used":["Polygon"]}]},{"id":86,"image_id":300,"category_id":1,"dataset_id":7,"segmentation":[[1275.4,2682,1284,2670.3,1303.4,2653.3,1313,2647.4,1322.6,2647.4,1365.4,2673.5,1388.4,2697,1402.4,2722.9,1401.2,2750,1394.4,2777,1377.8,2775.3,1295.5,2727.7,1282.4,2713.9,1276.5,2699.4]],"area":10101,"bbox":[1275,2647,127,130],"iscrowd":false,"isbbox":false,"creator":"admin","width":3709,"height":3709,"color":"#df19a0","metadata":{},"milliseconds":50470,"events":[{"_cls":"SessionEvent","created_at":{"$date":1730096743542},"user":"admin","milliseconds":25235,"tools_used":["Polygon"]}]},{"id":87,"image_id":300,"category_id":1,"dataset_id":7,"segmentation":[[1667.1,1676.5,1671,1669.9,1685,1658.4,1720,1639.6,1740.6,1632.8,1759.9,1630.3,1767.9,1634.7,1773.1,1655.9,1764.6,1670.5,1745.9,1677.9,1719.7,1684.5,1680.6,1684.8,1667.1,1677.1]],"area":3728,"bbox":[1667,1630,106,55],"iscrowd":false,"isbbox":false,"creator":"admin","width":3709,"height":3709,"color":"#6ea6eb","metadata":{},"milliseconds":35200,"events":[{"_cls":"SessionEvent","created_at":{"$date":1730096768778},"user":"admin","milliseconds":17600,"tools_used":["Polygon"]}]},{"id":88,"image_id":300,"category_id":1,"dataset_id":7,"segmentation":[[1718.7,1498.7,1776.8,1477.2,1811.5,1478.8,1819.5,1487.4,1819.5,1500.9,1815.9,1518.2,1805.2,1525.9,1779.8,1534.2,1757.8,1532.8,1739.1,1521.8,1725.9,1511.3,1717.9,1502.2]],"area":4154,"bbox":[1718,1477,102,57],"iscrowd":false,"isbbox":false,"creator":"admin","width":3709,"height":3709,"color":"#3229ad","metadata":{},"milliseconds":28508,"events":[{"_cls":"SessionEvent","created_at":{"$date":1730096786378},"user":"admin","milliseconds":14254,"tools_used":["Polygon"]}]},{"id":89,"image_id":300,"category_id":1,"dataset_id":7,"segmentation":[[1570.5,1397.8,1600.2,1371.7,1619.1,1360.5,1643.5,1355.5,1657.1,1360.8,1665.7,1373,1674.2,1389.9,1674.6,1414.7,1643.2,1431.5,1613.1,1435.8,1596.3,1428.2,1570.8,1401.4]],"area":5780,"bbox":[1571,1356,104,80],"iscrowd":false,"isbbox":false,"creator":"admin","width":3709,"height":3709,"color":"#59ce3c","metadata":{},"milliseconds":48922,"events":[{"_cls":"SessionEvent","created_at":{"$date":1730096800633},"user":"admin","milliseconds":24461,"tools_used":["Polygon"]}]},{"id":90,"image_id":300,"category_id":1,"dataset_id":7,"segmentation":[[1305.1,1386.2,1307.8,1379.8,1313.4,1374.7,1361.1,1356.4,1375.1,1355.1,1386.6,1358.4,1390.5,1366.9,1389.2,1383.5,1377.7,1393.2,1360.9,1398.8,1337.3,1403.3,1321.7,1399.2,1309.7,1391.3,1305.8,1385.9]],"area":2780,"bbox":[1305,1355,86,48],"iscrowd":false,"isbbox":false,"creator":"admin","width":3709,"height":3709,"color":"#bd140d","metadata":{},"milliseconds":110088,"events":[{"_cls":"SessionEvent","created_at":{"$date":1730096825094},"user":"admin","milliseconds":55044,"tools_used":["Polygon"]}]},{"id":91,"image_id":301,"category_id":1,"dataset_id":7,"segmentation":[[1926.8,1869.4,1957.2,1844.3,1986,1829.9,2017,1825.6,2045.8,1840,2088.5,1869.9,2122.6,1919.5,2130.1,1959.6,2109.8,2000.7,2059.1,2037.5,2018,2049.2,1992.4,2044.4,1949.2,2000.1,1923.5,1952.1,1908.1,1904.1,1908.1,1894.1]],"area":34433,"bbox":[1908,1826,222,223],"iscrowd":false,"isbbox":false,"creator":"admin","width":4160,"height":4160,"color":"#d5db13","metadata":{},"milliseconds":42908,"events":[{"_cls":"SessionEvent","created_at":{"$date":1730096905407},"user":"admin","milliseconds":21454,"tools_used":["Polygon"]}]},{"id":92,"image_id":301,"category_id":1,"dataset_id":7,"segmentation":[[1734.6,2401.7,1742.6,2349.1,1755.3,2320.4,1784,2301.3,1822.3,2290.2,1846.2,2294.9,1906.7,2323.6,1941.8,2361.9,1970.5,2409.7,1964.1,2451.1,1935.4,2502.1,1866.9,2542,1836.6,2545.2,1803.1,2537.2,1793.6,2530.8,1749,2455.9,1733,2401.7]],"area":43785,"bbox":[1733,2290,237,255],"iscrowd":false,"isbbox":false,"creator":"admin","width":4160,"height":4160,"color":"#a23219","metadata":{},"milliseconds":33500,"events":[{"_cls":"SessionEvent","created_at":{"$date":1730096926861},"user":"admin","milliseconds":16750,"tools_used":["Polygon"]}]},{"id":93,"image_id":301,"category_id":1,"dataset_id":7,"segmentation":[[1002.7,1831,1011.9,1795.2,1037.6,1765.3,1062.3,1749.8,1101.5,1739,1133,1754.1,1165.7,1773.3,1179.6,1786.3,1185.8,1802,1183,1815,1137.6,1836.6,1134.2,1836.6,1082.3,1858.2,1051.8,1891,1025.2,1905.8,1011.6,1883.6,1002.3,1831.4]],"area":17273,"bbox":[1002,1739,184,167],"iscrowd":false,"isbbox":false,"creator":"admin","width":4160,"height":4160,"color":"#f07b4a","metadata":{},"milliseconds":41308,"events":[{"_cls":"SessionEvent","created_at":{"$date":1730096943612},"user":"admin","milliseconds":20654,"tools_used":["Polygon"]}]},{"id":94,"image_id":301,"category_id":1,"dataset_id":7,"segmentation":[[2944.4,3072.2,2932.9,3089.6,2898.2,3125.2,2841.2,3152.3,2841.2,3153.6,2797.2,3152.8,2731.4,3143.9,2665.5,3117.2,2633.5,3090.5,2658.4,3063.3,2715.4,3019.8,2771,2959.3,2799.4,2922.3,2821.7,2922.8,2861.3,2933.5,2947.5,3001.1,2948,3039.8,2944.4,3072.7]],"area":46562,"bbox":[2634,2922,314,232],"iscrowd":false,"isbbox":false,"creator":"admin","width":4160,"height":4160,"color":"#f22143","metadata":{},"milliseconds":58106,"events":[{"_cls":"SessionEvent","created_at":{"$date":1730096964266},"user":"admin","milliseconds":29053,"tools_used":["Polygon"]}]},{"id":95,"image_id":301,"category_id":1,"dataset_id":7,"segmentation":[[1336.6,2921.2,1338.8,2917.9,1332.2,2928.9,1279.1,2940,1223.7,2906.8,1166.2,2889.1,1098.6,2850.4,1134.1,2823.8,1171.7,2809.4,1286.8,2838.2,1338.8,2891.3,1335.5,2921.8]],"area":17049,"bbox":[1099,2809,240,131],"iscrowd":false,"isbbox":false,"creator":"admin","width":4160,"height":4160,"color":"#ea4ee8","metadata":{},"milliseconds":50154,"events":[{"_cls":"SessionEvent","created_at":{"$date":1730096993320},"user":"admin","milliseconds":25077,"tools_used":["Polygon"]}]},{"id":96,"image_id":301,"category_id":1,"dataset_id":7,"segmentation":[[749.8,2929.7,719,2924.6,687.7,2895.8,636.4,2861.8,571.1,2829.2,553.2,2801.6,560.2,2777.9,601.2,2747.2,633.2,2738.2,660.8,2751.7,713.3,2788.8,740.8,2840.7,757.5,2900.9,751.7,2929.7]],"area":20500,"bbox":[553,2738,204,192],"iscrowd":false,"isbbox":false,"creator":"admin","width":4160,"height":4160,"color":"#a81d9c","metadata":{},"milliseconds":65330,"events":[{"_cls":"SessionEvent","created_at":{"$date":1730097018397},"user":"admin","milliseconds":32665,"tools_used":["Polygon"]}]},{"id":97,"image_id":302,"category_id":1,"dataset_id":7,"segmentation":[[997.3,2444,1012.5,2383.5,1050.8,2349.8,1112.6,2323.2,1129.5,2318.6,1141.3,2332.5,1147.2,2375.1,1166,2443.7,1181.4,2522.2,1194.7,2554.9,1162.6,2556.1,1077.7,2534.2,1024.8,2499.3,1006.9,2465,997.7,2443.7]],"area":29659,"bbox":[998,2319,197,237],"iscrowd":false,"isbbox":false,"creator":"admin","width":4160,"height":4160,"color":"#2be1f3","metadata":{},"milliseconds":29600,"events":[{"_cls":"SessionEvent","created_at":{"$date":1730097103956},"user":"admin","milliseconds":14800,"tools_used":["Polygon"]}]},{"id":98,"image_id":302,"category_id":1,"dataset_id":7,"segmentation":[[1804.5,2953.5,1794.9,2916.7,1805.6,2879.8,1832.2,2842.5,1886.2,2813.1,1931.5,2798.2,1963,2809.4,1975.8,2837.1,1975.8,2904.4,2016.9,3036.8,2016.9,3062.4,2011,3069.9,1973.2,3066.1,1905.9,3045.8,1841.8,3013.3,1806.6,2954]],"area":39880,"bbox":[1795,2798,222,272],"iscrowd":false,"isbbox":false,"creator":"admin","width":4160,"height":4160,"color":"#fe5382","metadata":{},"milliseconds":85230,"events":[{"_cls":"SessionEvent","created_at":{"$date":1730097118756},"user":"admin","milliseconds":42615,"tools_used":["Polygon"]}]},{"id":99,"image_id":302,"category_id":1,"dataset_id":7,"segmentation":[[1922.7,2427.4,1897.8,2392.3,1890.4,2351.8,1896.9,2314.9,1912.6,2280.7,1967,2248.5,2033.4,2231.9,2081.3,2244.8,2148.7,2294.6,2178.2,2358.2,2181.9,2442.1,2151.4,2476.3,2093.3,2494.7,2028.8,2483.7,1955,2454.1,1922.7,2431.1]],"area":57760,"bbox":[1890,2232,292,263],"iscrowd":false,"isbbox":false,"creator":"admin","width":4160,"height":4160,"color":"#84d761","metadata":{},"milliseconds":35996,"events":[{"_cls":"SessionEvent","created_at":{"$date":1730097161371},"user":"admin","milliseconds":17998,"tools_used":["Polygon"]}]},{"id":100,"image_id":302,"category_id":1,"dataset_id":7,"segmentation":[[1577,2497.2,1616.7,2452.9,1665.5,2426.2,1723.6,2430.8,1776.2,2479.7,1801.1,2526.7,1811.3,2575.6,1811.3,2581.1,1789.1,2630.9,1789.1,2634.6,1761.5,2672.4,1708,2682.6,1642.5,2676.1,1642.5,2674.3,1637.9,2671.5,1634.2,2671.5,1581.6,2646.6,1558.5,2593.1,1557.6,2544.2]],"area":49914,"bbox":[1558,2426,253,257],"iscrowd":false,"isbbox":false,"creator":"admin","width":4160,"height":4160,"color":"#2f62ed","metadata":{},"milliseconds":40720,"events":[{"_cls":"SessionEvent","created_at":{"$date":1730097179370},"user":"admin","milliseconds":20360,"tools_used":["Polygon"]}]},{"id":101,"image_id":302,"category_id":1,"dataset_id":7,"segmentation":[[2114.8,3280.3,2120.1,3231.2,2144,3202,2215.7,3174.1,2291.4,3150.2,2308.7,3160.8,2324.6,3231.2,2344.6,3302.9,2345.9,3374.6,2343.2,3383.9,2331.3,3386.6,2201.1,3365.3,2154.6,3348.1,2121.4,3322.8,2113.5,3280.3]],"area":40430,"bbox":[2114,3150,232,237],"iscrowd":false,"isbbox":false,"creator":"admin","width":4160,"height":4160,"color":"#e1b738","metadata":{},"milliseconds":28416,"events":[{"_cls":"SessionEvent","created_at":{"$date":1730097199731},"user":"admin","milliseconds":14208,"tools_used":["Polygon"]}]},{"id":102,"image_id":302,"category_id":1,"dataset_id":7,"segmentation":[[2106.8,3470.2,2100.2,3451.7,2104.2,3433.1,2112.1,3418.4,2121.4,3418.4,2242.3,3422.4,2302.1,3429.1,2312.7,3471.6,2275.5,3484.9,2275.5,3486.2,2230.3,3495.5,2173.2,3500.8,2128.1,3490.2,2105.5,3471.6]],"area":13992,"bbox":[2100,3418,213,83],"iscrowd":false,"isbbox":false,"creator":"admin","width":4160,"height":4160,"color":"#a07224","metadata":{},"milliseconds":33486,"events":[{"_cls":"SessionEvent","created_at":{"$date":1730097213940},"user":"admin","milliseconds":16743,"tools_used":["Polygon"]}]},{"id":103,"image_id":302,"category_id":1,"dataset_id":7,"segmentation":[[3462,2460.6,3468.4,2379.5,3470.3,2304.8,3485,2256.8,3525.6,2273.4,3662.1,2347.2,3684.3,2376.7,3706.4,2421,3710.1,2471.7,3698.1,2507.7,3675,2551.9,3647.4,2578.7,3593.9,2581.5,3534.8,2575.9,3468.4,2544.6,3461.1,2522.4,3462.9,2460.6]],"area":60525,"bbox":[3461,2257,249,325],"iscrowd":false,"isbbox":false,"creator":"admin","width":4160,"height":4160,"color":"#1b17b9","metadata":{},"milliseconds":23715,"events":[{"_cls":"SessionEvent","created_at":{"$date":1730097230683},"user":"admin","milliseconds":23715,"tools_used":["Polygon"]}]},{"id":104,"image_id":303,"category_id":1,"dataset_id":7,"segmentation":[[1056.9,1644.4,1060.3,1635.3,1078.6,1617,1096.8,1580.5,1129.9,1532.6,1160.8,1494.9,1175.6,1480.1,1205.3,1458.4,1225.8,1447,1252.1,1442.4,1272.6,1442.4,1306.9,1450.4,1330.8,1460.7,1371.9,1546.3,1370.8,1568,1362.8,1582.8,1277.2,1665,1242.9,1684.4,1221.2,1686.7,1188.1,1677.5,1144.8,1669.6,1098,1655.9,1054.6,1645.6]],"area":49261,"bbox":[1055,1442,317,245],"iscrowd":false,"isbbox":false,"creator":"admin","width":3575,"height":3575,"color":"#bdc605","metadata":{},"milliseconds":81740,"events":[{"_cls":"SessionEvent","created_at":{"$date":1730097267938},"user":"admin","milliseconds":40870,"tools_used":["Polygon"]}]},{"id":105,"image_id":303,"category_id":1,"dataset_id":7,"segmentation":[[2268.3,1770,2236,1732.5,2199,1658.5,2190.4,1598.4,2187.1,1560.7,2220.8,1536.3,2247.2,1532.3,2255.8,1539.6,2268.3,1655.8,2272.3,1768.1]],"area":12862,"bbox":[2187,1532,85,238],"iscrowd":false,"isbbox":false,"creator":"admin","width":3575,"height":3575,"color":"#7c92e8","metadata":{},"milliseconds":44766,"events":[{"_cls":"SessionEvent","created_at":{"$date":1730097308809},"user":"admin","milliseconds":14922,"tools_used":["Polygon"]}]},{"id":107,"image_id":304,"category_id":1,"dataset_id":7,"segmentation":[[1919.3,3569.1,1888.4,3557.8,1873.8,3546.5,1874.3,3532.1,1895.1,3484.9,1920.9,3434.2,1941.5,3418.8,1960.2,3420.1,1978.8,3434.2,1995,3453,2008.6,3473.9,2014,3499.4,2003.7,3525.4,1979.5,3551.1,1948.9,3565.8]],"area":14263,"bbox":[1874,3419,140,150],"iscrowd":false,"isbbox":false,"creator":"admin","width":4160,"height":4160,"color":"#5afc16","metadata":{},"milliseconds":40414,"events":[{"_cls":"SessionEvent","created_at":{"$date":1730097358657},"user":"admin","milliseconds":20207,"tools_used":["Polygon"]}]},{"id":108,"image_id":304,"category_id":1,"dataset_id":7,"segmentation":[[2148.6,3381.8,2160.7,3360.6,2185.7,3333.7,2207.5,3323.5,2248.5,3326.7,2288.8,3346.5,2320.9,3377.9,2329.8,3403.5,2318.9,3449.7,2294.6,3490.7,2265.8,3505.4,2233.1,3506,2192.1,3490.7,2149.2,3458.6,2139.6,3427.9,2148.6,3383.1]],"area":26012,"bbox":[2140,3324,190,182],"iscrowd":false,"isbbox":false,"creator":"admin","width":4160,"height":4160,"color":"#04f61f","metadata":{},"milliseconds":27862,"events":[{"_cls":"SessionEvent","created_at":{"$date":1730097378864},"user":"admin","milliseconds":13931,"tools_used":["Polygon"]}]},{"id":109,"image_id":304,"category_id":1,"dataset_id":7,"segmentation":[[2254.8,2959.4,2266.1,2925,2280.8,2896.1,2292.6,2884.5,2314.5,2887.4,2348.5,2902.6,2380.6,2922.4,2402.3,2941.4,2415.6,2960.7,2417.4,2995,2403,3031.5,2380.9,3057.5,2349.5,3077.6,2324,3065.5,2282.1,3035.6,2267.9,3008.1,2256.8,2978,2254,2960]],"area":21727,"bbox":[2254,2885,163,193],"iscrowd":false,"isbbox":false,"creator":"admin","width":4160,"height":4160,"color":"#9db62a","metadata":{},"milliseconds":50006,"events":[{"_cls":"SessionEvent","created_at":{"$date":1730097392796},"user":"admin","milliseconds":25003,"tools_used":["Polygon"]}]},{"id":110,"image_id":304,"category_id":1,"dataset_id":7,"segmentation":[[1924.7,900.9,1940.7,875.8,1973.3,859.8,2012.3,866.2,2044.3,884.9,2071.5,905.2,2076.3,941.5,2066.7,984.7,2050.7,1012,2028.3,1029,1986.1,998.6,1952,969.8,1928.5,945.8,1922.1,931.4,1922.6,910,1924.7,900.4]],"area":17627,"bbox":[1922,860,154,169],"iscrowd":false,"isbbox":false,"creator":"admin","width":4160,"height":4160,"color":"#5fef4d","metadata":{},"milliseconds":37498,"events":[{"_cls":"SessionEvent","created_at":{"$date":1730097417799},"user":"admin","milliseconds":18749,"tools_used":["Polygon"]}]},{"id":111,"image_id":304,"category_id":1,"dataset_id":7,"segmentation":[[2219.5,1166.7,2227.9,1124.5,2246.6,1086.2,2262.6,1068.9,2280,1062.6,2293.8,1066.2,2306.2,1080.4,2313.8,1105.8,2323.1,1154.3,2325.8,1178.3,2323.6,1197.4,2314.2,1214.8,2305.8,1219.2,2290.2,1217,2258.2,1207.6,2233.7,1194.3,2222.6,1181.4,2218.6,1166.7]],"area":12182,"bbox":[2219,1063,107,156],"iscrowd":false,"isbbox":false,"creator":"admin","width":4160,"height":4160,"color":"#8c65f7","metadata":{},"milliseconds":40932,"events":[{"_cls":"SessionEvent","created_at":{"$date":1730097436548},"user":"admin","milliseconds":20466,"tools_used":["Polygon"]}]},{"id":112,"image_id":304,"category_id":1,"dataset_id":7,"segmentation":[[2657.1,1132.6,2656,1078.1,2665.6,1052.5,2684.3,1039.2,2706.2,1037,2717.4,1044,2733.4,1072.3,2777.2,1163.5,2774,1173.7,2753.7,1175.3,2700.3,1173.7,2669.9,1166.2,2658.7,1159.3,2656,1132.1]],"area":11892,"bbox":[2656,1037,121,138],"iscrowd":false,"isbbox":false,"creator":"admin","width":4160,"height":4160,"color":"#6013a5","metadata":{},"milliseconds":39664,"events":[{"_cls":"SessionEvent","created_at":{"$date":1730097457014},"user":"admin","milliseconds":19832,"tools_used":["Polygon"]}]},{"id":113,"image_id":304,"category_id":1,"dataset_id":7,"segmentation":[[2792.7,977.3,2791.6,931.4,2792.7,931.4,2799.6,908.4,2824.7,888.7,2825.8,886,2854.6,880.1,2865.8,896.1,2880.2,975.7,2883.9,1020,2878.1,1025.3,2858.3,1025.3,2803.3,1008.2,2790.5,985.8,2793.2,975.7]],"area":10342,"bbox":[2791,880,93,145],"iscrowd":false,"isbbox":false,"creator":"admin","width":4160,"height":4160,"color":"#ad57f8","metadata":{},"milliseconds":27736,"events":[{"_cls":"SessionEvent","created_at":{"$date":1730097476846},"user":"admin","milliseconds":13868,"tools_used":["Polygon"]}]},{"id":114,"image_id":305,"category_id":1,"dataset_id":7,"segmentation":[[1349.4,1144.3,1331.6,1134.2,1325.3,1127.7,1325.8,1118.4,1333.9,1108.7,1356,1106.6,1369.8,1113.2,1372.6,1119.3,1369,1132.6,1360.2,1139.8,1351.4,1144.1]],"area":1288,"bbox":[1325,1107,48,37],"iscrowd":false,"isbbox":false,"creator":"admin","width":1848,"height":1848,"color":"#49c70e","metadata":{},"milliseconds":42728,"events":[{"_cls":"SessionEvent","created_at":{"$date":1730097589074},"user":"admin","milliseconds":21364,"tools_used":["Polygon"]}]},{"id":115,"image_id":305,"category_id":1,"dataset_id":7,"segmentation":[[1488.7,1030.1,1477,1027.5,1467.1,1022.2,1458.7,1017.4,1455.1,1012.2,1456.7,1001.6,1462,991.4,1471.1,985.2,1481.6,984,1495.6,988.8,1503.2,993.9,1507.9,1001.3,1507.9,1012.7,1505.3,1019.1,1496.9,1027,1489.5,1030.3]],"area":1823,"bbox":[1455,984,53,46],"iscrowd":false,"isbbox":false,"creator":"admin","width":1848,"height":1848,"color":"#de472c","metadata":{},"milliseconds":37926,"events":[{"_cls":"SessionEvent","created_at":{"$date":1730097610919},"user":"admin","milliseconds":18963,"tools_used":["Polygon"]}]},{"id":116,"image_id":305,"category_id":1,"dataset_id":7,"segmentation":[[1529.8,840.9,1536.1,832.7,1546.3,826.1,1557.1,827.1,1570.3,832.9,1573.4,845.1,1571.3,863.2,1565.2,871.4,1558.1,874.9,1548.1,873.4,1537.1,869.1,1530.5,864.3,1528.5,853.3,1530,841.4]],"area":1725,"bbox":[1529,826,44,49],"iscrowd":false,"isbbox":false,"creator":"admin","width":1848,"height":1848,"color":"#f80948","metadata":{},"milliseconds":103227,"events":[{"_cls":"SessionEvent","created_at":{"$date":1730097629882},"user":"admin","milliseconds":34409,"tools_used":["Polygon"]}]},{"id":117,"image_id":305,"category_id":1,"dataset_id":7,"segmentation":[[1504.2,673.1,1507.1,662.5,1515.1,654.6,1526.8,650.9,1537.9,652.9,1545.7,659.4,1548.2,668.6,1547.7,679.9,1544.8,686.8,1539,691.6,1532.4,693.4,1522.7,692.6,1510.5,688.4,1505.5,681.3,1503.9,673.1]],"area":1482,"bbox":[1504,651,44,42],"iscrowd":false,"isbbox":false,"creator":"admin","width":1848,"height":1848,"color":"#f4e357","metadata":{},"milliseconds":40088,"events":[{"_cls":"SessionEvent","created_at":{"$date":1730097664292},"user":"admin","milliseconds":20044,"tools_used":["Polygon"]}]},{"id":118,"image_id":305,"category_id":1,"dataset_id":7,"segmentation":[[1165.5,452,1196.3,426.4,1206.3,422.1,1210.6,422.8,1210.8,428.7,1206.1,438.7,1199.2,447.7,1187.6,452.2,1167.9,453.6]],"area":653,"bbox":[1166,422,45,32],"iscrowd":false,"isbbox":false,"creator":"admin","width":1848,"height":1848,"color":"#e82f09","metadata":{},"milliseconds":16477,"events":[{"_cls":"SessionEvent","created_at":{"$date":1730097684337},"user":"admin","milliseconds":16477,"tools_used":["Polygon"]}]},{"id":119,"image_id":306,"category_id":1,"dataset_id":7,"segmentation":[[2484.6,3657.2,2464,3652.3,2449.3,3639.9,2438.8,3624.5,2427.5,3593.7,2430.9,3577.9,2436.5,3569.3,2461.7,3552.4,2492.1,3538.5,2513.5,3532.9,2521.8,3532.9,2537.2,3538.1,2552.2,3551.6,2566.1,3574.6,2570.6,3606.9,2559.4,3619.3,2542.8,3631.3,2489.5,3656.4]],"area":12569,"bbox":[2428,3533,143,124],"iscrowd":false,"isbbox":false,"creator":"admin","width":4160,"height":4160,"color":"#9feb58","metadata":{},"milliseconds":120758,"events":[{"_cls":"SessionEvent","created_at":{"$date":1730097724484},"user":"admin","milliseconds":60379,"tools_used":["Polygon"]}]},{"id":120,"image_id":306,"category_id":1,"dataset_id":7,"segmentation":[[2058.2,3171.8,2047.3,3171.8,2032.5,3161.9,2021.2,3147,2011.3,3125.8,2008.1,3106.5,2008.6,3083,2017.1,3061.4,2023.4,3056,2101,3046.5,2127.1,3048.8,2151.9,3057.8,2163.2,3073.6,2172.6,3102.8,2151.9,3146.6,2121.3,3163.7,2089.7,3171.4,2059.1,3171.4]],"area":16675,"bbox":[2008,3047,165,125],"iscrowd":false,"isbbox":false,"creator":"admin","width":4160,"height":4160,"color":"#728feb","metadata":{},"milliseconds":31002,"events":[{"_cls":"SessionEvent","created_at":{"$date":1730097784863},"user":"admin","milliseconds":15501,"tools_used":["Polygon"]}]},{"id":121,"image_id":306,"category_id":1,"dataset_id":7,"segmentation":[[1987.4,3039.3,1973.9,3037.9,1949.1,3028.9,1927.4,3010.9,1915.3,2988.4,1909.4,2961.3,1912.6,2941,1922.5,2921.6,1935.1,2903.6,1958.5,2896,2036.5,2886.9,2056.8,2886.5,2071.7,2907.7,2078.9,2931.6,2081.1,2965.4,2073.9,3004.6,2049.6,3022.2,1988.7,3038.8]],"area":21018,"bbox":[1909,2887,172,152],"iscrowd":false,"isbbox":false,"creator":"admin","width":4160,"height":4160,"color":"#bece32","metadata":{},"milliseconds":40358,"events":[{"_cls":"SessionEvent","created_at":{"$date":1730097800365},"user":"admin","milliseconds":20179,"tools_used":["Polygon"]}]},{"id":122,"image_id":306,"category_id":1,"dataset_id":7,"segmentation":[[2253.2,2453,2228.8,2425.9,2226.6,2411.5,2228.4,2397.1,2236.1,2379.5,2253.2,2363.7,2276.2,2348.4,2296.5,2344.8,2358.2,2343.4,2376.2,2349.3,2379.8,2354.7,2350.5,2414.2,2334.8,2442.6,2313.6,2457.5,2301,2457.9,2253.2,2453.4]],"area":12695,"bbox":[2227,2343,153,115],"iscrowd":false,"isbbox":false,"creator":"admin","width":4160,"height":4160,"color":"#dc38dd","metadata":{},"milliseconds":39540,"events":[{"_cls":"SessionEvent","created_at":{"$date":1730097820544},"user":"admin","milliseconds":19770,"tools_used":["Polygon"]}]},{"id":123,"image_id":306,"category_id":1,"dataset_id":7,"segmentation":[[3201.5,2031,3221.8,2031.4,3246.2,2050.2,3278.5,2087.4,3320.9,2149,3314.2,2151.6,3284.1,2147.5,3248.4,2138.8,3225.1,2121.9,3201.9,2096.8,3188.3,2067.5,3187.6,2052.4,3189.8,2041.5]],"area":7973,"bbox":[3188,2031,133,120],"iscrowd":false,"isbbox":false,"creator":"admin","width":4160,"height":4160,"color":"#8ff056","metadata":{},"milliseconds":52044,"events":[{"_cls":"SessionEvent","created_at":{"$date":1730097840314},"user":"admin","milliseconds":26022,"tools_used":["Polygon"]}]},{"id":124,"image_id":306,"category_id":1,"dataset_id":7,"segmentation":[[1071.8,814,1099,850.6,1096.7,864.6,1057.8,880.2,1022.7,889.6,977.5,907.5,941.7,893.5,921.5,876.3,910.6,850.6,907.4,819.5,919.9,793,946.4,767.3,972.1,758.7,1009.5,750.1,1038.3,757.2,1071,813.2]],"area":20531,"bbox":[907,750,192,158],"iscrowd":false,"isbbox":false,"creator":"admin","width":4160,"height":4160,"color":"#ba09b4","metadata":{},"milliseconds":65906,"events":[{"_cls":"SessionEvent","created_at":{"$date":1730097867362},"user":"admin","milliseconds":32953,"tools_used":["Polygon"]}]},{"id":125,"image_id":306,"category_id":1,"dataset_id":7,"segmentation":[[743.8,942.6,737.9,911.5,734,872.5,737.3,800.5,746.4,801.1,762,816.7,765.8,843.3,762,886.2,761.3,925.1,744.4,944.6]],"area":3416,"bbox":[734,801,32,143],"iscrowd":false,"isbbox":false,"creator":"admin","width":4160,"height":4160,"color":"#9bd902","metadata":{},"milliseconds":27562,"events":[{"_cls":"SessionEvent","created_at":{"$date":1730097900315},"user":"admin","milliseconds":13781,"tools_used":["Polygon"]}]},{"id":126,"image_id":307,"category_id":1,"dataset_id":7,"segmentation":[[2212.3,2655.2,2228,2649.9,2256.3,2656.7,2276.6,2670,2294.7,2689.7,2299.3,2708.4,2288.5,2723,2248.6,2762.3,2219.1,2787,2204.9,2788.6,2184.4,2782.2,2159.9,2753.3,2153.8,2735.7,2155.1,2724.9,2171.1,2701,2199.5,2667.9]],"area":12874,"bbox":[2154,2650,145,139],"iscrowd":false,"isbbox":false,"creator":"admin","width":3976,"height":3976,"color":"#2415d7","metadata":{},"milliseconds":43924,"events":[{"_cls":"SessionEvent","created_at":{"$date":1730097989575},"user":"admin","milliseconds":21962,"tools_used":["Polygon"]}]},{"id":127,"image_id":307,"category_id":1,"dataset_id":7,"segmentation":[[1704.3,2658.2,1728.6,2630.7,1755.2,2607.3,1772.6,2596.4,1796.5,2590.6,1828.3,2592.5,1852.8,2603.7,1868.4,2628,1872.3,2653,1857.8,2680.8,1827.9,2717.2,1815,2735.6,1799.4,2746.9,1783.4,2750.4,1764.5,2745.4,1745.4,2736.9,1729.8,2722.4,1718,2706.8,1708.4,2691,1704.7,2675.4,1703,2658.8]],"area":18744,"bbox":[1703,2591,169,159],"iscrowd":false,"isbbox":false,"creator":"admin","width":3976,"height":3976,"color":"#cc9932","metadata":{},"milliseconds":48308,"events":[{"_cls":"SessionEvent","created_at":{"$date":1730098011537},"user":"admin","milliseconds":24154,"tools_used":["Polygon"]}]},{"id":128,"image_id":307,"category_id":1,"dataset_id":7,"segmentation":[[1558.2,2565.9,1539.2,2593.3,1519.8,2604.8,1496.9,2611.8,1475.9,2608.5,1456.7,2601.1,1435.8,2588.1,1419.3,2565.2,1412.1,2538,1413.1,2511.6,1423.1,2492.9,1452.7,2460.7,1482.1,2436.3,1498.9,2426.8,1553.7,2430.3,1575.4,2449,1591.6,2479.9,1595.1,2511.3,1576.9,2541.3,1558.2,2566.1]],"area":24447,"bbox":[1412,2427,183,185],"iscrowd":false,"isbbox":false,"creator":"admin","width":3976,"height":3976,"color":"#2d15e7","metadata":{},"milliseconds":2955,"events":[{"_cls":"SessionEvent","created_at":{"$date":1730098085020},"user":"admin","milliseconds":985,"tools_used":["Polygon"]}]},{"id":129,"image_id":307,"category_id":1,"dataset_id":7,"segmentation":[[1298.7,2162.8,1280,2174.9,1258.2,2183.4,1239.9,2185.7,1221.2,2182.6,1204.6,2174.1,1190.9,2160.4,1180.5,2140.2,1178,2122.3,1183.2,2099.7,1196.7,2076.2,1220,2051.7,1250.5,2024.9,1302.5,2002.2,1312.5,2007.4,1335.3,2026.6,1346.3,2050.7,1353.2,2079.1,1342.2,2103.2,1321.4,2139.1,1298.7,2162.9]],"area":21546,"bbox":[1178,2002,175,184],"iscrowd":false,"isbbox":false,"creator":"admin","width":3976,"height":3976,"color":"#8869e5","metadata":{},"milliseconds":48794,"events":[{"_cls":"SessionEvent","created_at":{"$date":1730098060623},"user":"admin","milliseconds":24397,"tools_used":["Polygon"]}]},{"id":130,"image_id":307,"category_id":1,"dataset_id":7,"segmentation":[[2154.1,2997.3,2168.3,2976.7,2186.1,2959.5,2201.8,2949.1,2262.1,2955.4,2294.1,2962.9,2309.7,2983.7,2313.4,3006.1,2311.9,3021,2309,3029.9,2294.8,3035.8,2275.5,3035.1,2194.3,3029.1,2161.6,3028.4,2155.6,3025.4,2152.6,3012.8,2154.1,2998.6]],"area":11098,"bbox":[2153,2949,160,87],"iscrowd":false,"isbbox":false,"creator":"admin","width":3976,"height":3976,"color":"#c17c1c","metadata":{},"milliseconds":37908,"events":[{"_cls":"SessionEvent","created_at":{"$date":1730098086005},"user":"admin","milliseconds":18954,"tools_used":["Polygon"]}]},{"id":131,"image_id":307,"category_id":1,"dataset_id":7,"segmentation":[[1989.6,3171.3,2001.5,3143.8,2029.8,3114,2058.1,3099.9,2128.8,3106.6,2145.2,3122.9,2153.4,3178.8,2148.9,3184.7,2138.5,3187,2062.5,3192.2,1996.3,3193.7,1988.9,3181.8,1988.9,3170.6]],"area":12237,"bbox":[1989,3100,164,94],"iscrowd":false,"isbbox":false,"creator":"admin","width":3976,"height":3976,"color":"#f8cc67","metadata":{},"milliseconds":29394,"events":[{"_cls":"SessionEvent","created_at":{"$date":1730098104959},"user":"admin","milliseconds":14697,"tools_used":["Polygon"]}]},{"id":132,"image_id":307,"category_id":1,"dataset_id":7,"segmentation":[[1601.6,3438.1,1615.7,3418.8,1640.3,3414.3,1671.6,3415.1,1703.6,3425.5,1727.4,3438.1,1741.6,3489.5,1738.6,3491,1705.1,3481.3,1638.1,3470.2,1612,3470.9,1596.4,3462.7,1595.6,3448.6,1600.9,3438.1]],"area":7314,"bbox":[1596,3414,146,77],"iscrowd":false,"isbbox":false,"creator":"admin","width":3976,"height":3976,"color":"#b5721d","metadata":{},"milliseconds":37504,"events":[{"_cls":"SessionEvent","created_at":{"$date":1730098119656},"user":"admin","milliseconds":18752,"tools_used":["Polygon"]}]},{"id":133,"image_id":307,"category_id":1,"dataset_id":7,"segmentation":[[1451.5,1648.1,1501.5,1662.4,1560.5,1686.5,1606.1,1702.6,1569.4,1725.8,1556,1724.9,1516.7,1711.5,1482.8,1694.6,1456.9,1669.5,1450.6,1649]],"area":4993,"bbox":[1451,1648,155,78],"iscrowd":false,"isbbox":false,"creator":"admin","width":3976,"height":3976,"color":"#deba07","metadata":{},"milliseconds":25776,"events":[{"_cls":"SessionEvent","created_at":{"$date":1730098139579},"user":"admin","milliseconds":12888,"tools_used":["Polygon"]}]},{"id":134,"image_id":307,"category_id":1,"dataset_id":7,"segmentation":[[1425.6,1571.3,1429.2,1563.2,1461.3,1553.4,1501.5,1545.4,1556,1540.9,1598,1546.3,1542.6,1550.7,1479.2,1562.3,1442.6,1564.1,1425.6,1574]],"area":1482,"bbox":[1426,1541,171,32],"iscrowd":false,"isbbox":false,"creator":"admin","width":3976,"height":3976,"color":"#48b729","metadata":{},"milliseconds":35328,"events":[{"_cls":"SessionEvent","created_at":{"$date":1730098152468},"user":"admin","milliseconds":17664,"tools_used":["Polygon"]}]},{"id":135,"image_id":308,"category_id":1,"dataset_id":7,"segmentation":[[2747,2273.1,2741.5,2217,2742.3,2187.4,2782,2174.2,2848.2,2182,2890.3,2205.4,2895,2244.3,2885.6,2267.7,2854.5,2293.4,2817.1,2319.1,2772.7,2337.8,2755.5,2319.8,2746.2,2272.3]],"area":18364,"bbox":[2742,2174,153,163],"iscrowd":false,"isbbox":false,"creator":"admin","width":4160,"height":4160,"color":"#ec505b","metadata":{},"milliseconds":30230,"events":[{"_cls":"SessionEvent","created_at":{"$date":1730098197506},"user":"admin","milliseconds":15115,"tools_used":["Polygon"]}]},{"id":136,"image_id":308,"category_id":1,"dataset_id":7,"segmentation":[[2143,1688.3,2160.8,1661.2,2186,1628.4,2200,1621.9,2229.9,1622.8,2279.5,1627.5,2307.5,1644.3,2342.1,1678.9,2352.4,1707,2355.2,1739.7,2344,1781.7,2327.2,1797.6,2287,1821,2248.6,1834.1,2229.9,1834.1,2184.2,1811.6,2153.3,1760.2,2142.1,1687.3]],"area":34588,"bbox":[2142,1622,213,212],"iscrowd":false,"isbbox":false,"creator":"admin","width":4160,"height":4160,"color":"#ec233d","metadata":{},"milliseconds":38814,"events":[{"_cls":"SessionEvent","created_at":{"$date":1730098212621},"user":"admin","milliseconds":19407,"tools_used":["Polygon"]}]},{"id":137,"image_id":308,"category_id":1,"dataset_id":7,"segmentation":[[2229.8,1382,2210.2,1393.8,2180.8,1395.3,2149.5,1376.2,2118.2,1347.5,2105.8,1315.1,2098.7,1273.8,2109.5,1221.6,2130.6,1186.6,2144.3,1184.2,2181.3,1187.5,2206.7,1196.6,2237.1,1249.9,2246.9,1282.3,2255.8,1334.4,2246.1,1364.5,2229.5,1382.1]],"area":24865,"bbox":[2099,1184,157,211],"iscrowd":false,"isbbox":false,"creator":"admin","width":4160,"height":4160,"color":"#aa1180","metadata":{},"milliseconds":40566,"events":[{"_cls":"SessionEvent","created_at":{"$date":1730098232028},"user":"admin","milliseconds":20283,"tools_used":["Polygon"]}]},{"id":138,"image_id":308,"category_id":1,"dataset_id":7,"segmentation":[[2253.9,726,2272.8,694.6,2304.8,675.1,2340.5,664.3,2367.5,691.4,2397.8,733,2421,786,2415.6,825,2389.1,853.6,2360.5,873.6,2331.8,876.3,2303.7,865,2272.3,849.3,2252.3,815.8,2242.6,785.5,2244.7,751.9,2253.9,727.1]],"area":27034,"bbox":[2243,664,178,212],"iscrowd":false,"isbbox":false,"creator":"admin","width":4160,"height":4160,"color":"#e0945e","metadata":{},"milliseconds":44680,"events":[{"_cls":"SessionEvent","created_at":{"$date":1730098252311},"user":"admin","milliseconds":22340,"tools_used":["Polygon"]}]},{"id":139,"image_id":309,"category_id":1,"dataset_id":7,"segmentation":[[1617.6,746.7,1619.4,721,1641,680.4,1664.9,666,1688.4,655.6,1719,649.8,1726.7,649.8,1747.9,723.2,1752.8,754.8,1748.8,806.6,1736.6,812.5,1709.6,812,1687.9,809.8,1664.5,801.2,1633.8,776.9,1622.6,758.4,1618.1,746.7]],"area":16735,"bbox":[1618,650,135,163],"iscrowd":false,"isbbox":false,"creator":"admin","width":4160,"height":4160,"color":"#5e0bb2","metadata":{},"milliseconds":35336,"events":[{"_cls":"SessionEvent","created_at":{"$date":1730098289016},"user":"admin","milliseconds":17668,"tools_used":["Polygon"]}]},{"id":140,"image_id":309,"category_id":1,"dataset_id":7,"segmentation":[[1839.8,1138.7,1831.2,1125.7,1828.9,1108.7,1829.1,1088.4,1835.4,1074.5,1844,1068.3,1856.5,1068.8,1889.9,1080.8,1902.7,1090.7,1913.4,1102.4,1939.2,1138.2,1945.7,1177.8,1947,1200.5,1940.5,1214.9,1924.9,1218.3,1903.2,1214.1,1886,1208.9,1875,1200,1857.6,1166.6,1839.3,1138.4]],"area":11623,"bbox":[1829,1068,118,150],"iscrowd":false,"isbbox":false,"creator":"admin","width":4160,"height":4160,"color":"#a2114a","metadata":{},"milliseconds":49378,"events":[{"_cls":"SessionEvent","created_at":{"$date":1730098306685},"user":"admin","milliseconds":24689,"tools_used":["Polygon"]}]},{"id":141,"image_id":309,"category_id":1,"dataset_id":7,"segmentation":[[1808.8,1342.8,1855,1312,1861.4,1306,1878.6,1321,1891.8,1351.1,1897,1383.7,1894.8,1400.3,1876,1402.5,1849.7,1393.9,1820,1362.7,1809.5,1343.6]],"area":5222,"bbox":[1809,1306,88,97],"iscrowd":false,"isbbox":false,"creator":"admin","width":4160,"height":4160,"color":"#f8d627","metadata":{},"milliseconds":38434,"events":[{"_cls":"SessionEvent","created_at":{"$date":1730098331374},"user":"admin","milliseconds":19217,"tools_used":["Polygon"]}]},{"id":143,"image_id":310,"category_id":1,"dataset_id":7,"segmentation":[[1822.1,2067.7,1857.8,2045,1906.5,2024.2,1937.7,2018.4,1958.5,2043.7,1971.4,2079.4,1981.2,2115.1,1968.2,2152.1,1952.6,2178.1,1923.4,2200.1,1892.9,2202.1,1870.2,2192.3,1829.9,2169.6,1823.4,2154.1,1812.6,2100.7]],"area":22619,"bbox":[1813,2018,168,184],"iscrowd":false,"isbbox":false,"creator":"admin","width":4160,"height":4160,"color":"#99ea2e","metadata":{},"milliseconds":32256,"events":[{"_cls":"SessionEvent","created_at":{"$date":1730098415075},"user":"admin","milliseconds":16128,"tools_used":["Polygon"]}]},{"id":144,"image_id":310,"category_id":1,"dataset_id":7,"segmentation":[[3329.5,2495.2,3366.8,2482.2,3407.4,2459.6,3434.4,2456.9,3464.2,2472,3482,2489.3,3490.2,2513.7,3488,2533.1,3442.6,2568.8,3387.4,2597,3374.4,2597,3358.7,2572.1,3329,2496.9]],"area":14661,"bbox":[3329,2457,161,140],"iscrowd":false,"isbbox":false,"creator":"admin","width":4160,"height":4160,"color":"#cb1566","metadata":{},"milliseconds":33392,"events":[{"_cls":"SessionEvent","created_at":{"$date":1730098431203},"user":"admin","milliseconds":16696,"tools_used":["Polygon"]}]},{"id":145,"image_id":310,"category_id":1,"dataset_id":7,"segmentation":[[2609.3,2488.4,2617.8,2475.3,2670.1,2444.2,2692.7,2433.8,2717.4,2435.2,2746.7,2447.8,2777.8,2472.6,2788.7,2520.4,2776.5,2554.6,2741.3,2580.8,2692.7,2606.9,2657.9,2576.7,2629.5,2549.2,2618.3,2518.6,2610.6,2487]],"area":21019,"bbox":[2611,2434,178,173],"iscrowd":false,"isbbox":false,"creator":"admin","width":4160,"height":4160,"color":"#67dedc","metadata":{},"milliseconds":28892,"events":[{"_cls":"SessionEvent","created_at":{"$date":1730098448787},"user":"admin","milliseconds":14446,"tools_used":["Polygon"]}]},{"id":146,"image_id":310,"category_id":1,"dataset_id":7,"segmentation":[[2471.8,2349.4,2538.2,2428.9,2554.1,2454.1,2556.9,2468.1,2541.9,2491.5,2513.9,2528.9,2488.6,2546.6,2461.5,2545.7,2431.6,2532.6,2404.5,2516.7,2392.4,2498,2383,2465.3,2383,2440.1,2390.5,2413.9,2444.7,2364.4,2470.9,2349.4]],"area":22792,"bbox":[2383,2349,174,198],"iscrowd":false,"isbbox":false,"creator":"admin","width":4160,"height":4160,"color":"#c8ee44","metadata":{},"milliseconds":38280,"events":[{"_cls":"SessionEvent","created_at":{"$date":1730098463233},"user":"admin","milliseconds":19140,"tools_used":["Polygon"]}]},{"id":147,"image_id":310,"category_id":1,"dataset_id":7,"segmentation":[[2448.4,2185.9,2476.5,2195.2,2498,2213.9,2512.9,2233.5,2489.6,2263.4,2418.5,2335.4,2399.8,2317.6,2394.2,2292.4,2394.2,2269,2411.1,2231.7,2437.2,2198.9]],"area":9798,"bbox":[2394,2186,119,149],"iscrowd":false,"isbbox":false,"creator":"admin","width":4160,"height":4160,"color":"#b4a429","metadata":{},"milliseconds":17863,"events":[{"_cls":"SessionEvent","created_at":{"$date":1730098482373},"user":"admin","milliseconds":17863,"tools_used":["Polygon"]}]},{"id":148,"image_id":310,"category_id":1,"dataset_id":7,"segmentation":[[2280.4,1937.2,2311.8,1873.3,2403.8,1808.2,2428.4,1806,2478.9,1823.9,2535,1848.6,2574.2,1868.8,2583.2,1876.7,2544,1937.2,2503.6,1995.6,2444.1,2010.1,2363.4,2021.3,2309.5,2044.9,2290.5,2028.1,2282.6,1938.3]],"area":46239,"bbox":[2281,1806,302,239],"iscrowd":false,"isbbox":false,"creator":"admin","width":4160,"height":4160,"color":"#7847fb","metadata":{},"milliseconds":25280,"events":[{"_cls":"SessionEvent","created_at":{"$date":1730098500236},"user":"admin","milliseconds":25280,"tools_used":["Polygon"]}]},{"id":149,"image_id":311,"category_id":1,"dataset_id":7,"segmentation":[[1156.5,1708,1168.5,1644.4,1177.3,1630.6,1191.8,1616.1,1202.5,1621.8,1222.6,1638.8,1240.2,1665.8,1260.3,1689.1,1266,1710.5,1259.7,1728.7,1245.9,1751.4,1222,1762.1,1203.1,1757.7,1184.2,1750.1,1169.1,1732.5,1157.2,1710.5]],"area":10587,"bbox":[1157,1616,109,146],"iscrowd":false,"isbbox":false,"creator":"admin","width":2333,"height":2333,"color":"#4a199a","metadata":{},"milliseconds":30228,"events":[{"_cls":"SessionEvent","created_at":{"$date":1730098554809},"user":"admin","milliseconds":15114,"tools_used":["Polygon"]}]},{"id":150,"image_id":311,"category_id":1,"dataset_id":7,"segmentation":[[844.5,1769.2,853.3,1764.4,876.8,1762.2,911.8,1785.8,917.9,1801.5,911.4,1805.9,856.3,1827.7,838,1805.9,836.2,1779.7,843.2,1770.1]],"area":3572,"bbox":[836,1762,82,66],"iscrowd":false,"isbbox":false,"creator":"admin","width":2333,"height":2333,"color":"#7ddf91","metadata":{},"milliseconds":33498,"events":[{"_cls":"SessionEvent","created_at":{"$date":1730098569924},"user":"admin","milliseconds":16749,"tools_used":["Polygon"]}]},{"id":151,"image_id":311,"category_id":1,"dataset_id":7,"segmentation":[[934.1,1621.5,946.7,1615.9,961.1,1615.4,981.7,1618.1,999.6,1628.5,1011.8,1647.8,1010.5,1652.1,993,1659.6,961.1,1669.2,932.8,1681.4,927.5,1678.3,921.8,1652.6,923.1,1641.2,934.9,1622]],"area":3911,"bbox":[922,1615,90,66],"iscrowd":false,"isbbox":false,"creator":"admin","width":2333,"height":2333,"color":"#6483ec","metadata":{},"milliseconds":16450,"events":[{"_cls":"SessionEvent","created_at":{"$date":1730098586674},"user":"admin","milliseconds":16450,"tools_used":["Polygon"]}]},{"id":152,"image_id":311,"category_id":1,"dataset_id":7,"segmentation":[[1016.2,1488.5,1029.7,1474.5,1054.6,1463.6,1076.9,1465.8,1091.8,1471.5,1099.2,1480.2,1099.6,1493.8,1097,1502.1,1089.1,1507.3,1056.4,1501.6,1027.1,1509.5,1012.7,1519.5,1006.1,1519.1,1004.4,1507.3,1015.7,1488.1]],"area":3187,"bbox":[1004,1464,96,56],"iscrowd":false,"isbbox":false,"creator":"admin","width":2333,"height":2333,"color":"#02fde1","metadata":{},"milliseconds":13945,"events":[{"_cls":"SessionEvent","created_at":{"$date":1730098603124},"user":"admin","milliseconds":13945,"tools_used":["Polygon"]}]},{"id":153,"image_id":312,"category_id":1,"dataset_id":7,"segmentation":[[1037.6,3210.9,1044.8,3197.5,1072.1,3186.4,1095.5,3184.7,1121.1,3194.2,1145,3227.5,1162.2,3254.8,1166.1,3283.2,1152.8,3308.2,1136.1,3319.9,1121.1,3327.7,1101.6,3327.7,1088.8,3323.3,1053.7,3249.3,1038.7,3215.9,1038.1,3210.9]],"area":12225,"bbox":[1038,3185,128,143],"iscrowd":false,"isbbox":false,"creator":"admin","width":4160,"height":4160,"color":"#12f73e","metadata":{},"milliseconds":32812,"events":[{"_cls":"SessionEvent","created_at":{"$date":1730098633080},"user":"admin","milliseconds":16406,"tools_used":["Polygon"]}]},{"id":154,"image_id":312,"category_id":1,"dataset_id":7,"segmentation":[[1535,3432.1,1536.4,3392,1555.1,3378.7,1585.1,3376.7,1609.8,3380,1639.9,3402.1,1669.9,3455.5,1693.3,3513.6,1695.3,3528.3,1692.6,3535,1611.1,3572.4,1581.8,3580.4,1577.1,3580.4,1561.7,3520.9,1534.3,3430.8]],"area":21911,"bbox":[1535,3377,160,203],"iscrowd":false,"isbbox":false,"creator":"admin","width":4160,"height":4160,"color":"#c83116","metadata":{},"milliseconds":28046,"events":[{"_cls":"SessionEvent","created_at":{"$date":1730098649486},"user":"admin","milliseconds":14023,"tools_used":["Polygon"]}]},{"id":155,"image_id":312,"category_id":1,"dataset_id":7,"segmentation":[[1806.9,3458,1805.3,3416.4,1818.1,3380.3,1831.8,3370.7,1834.2,3370.7,1851.8,3359.5,1883.1,3365.1,1920.7,3398,1952.8,3449.3,1963.2,3491.7,1960,3531,1951.2,3545.4,1923.1,3559.9,1881.5,3577.5,1845.4,3582.3,1831.8,3546.2,1808.5,3459.7]],"area":25580,"bbox":[1805,3360,158,222],"iscrowd":false,"isbbox":false,"creator":"admin","width":4160,"height":4160,"color":"#fe569f","metadata":{},"milliseconds":32814,"events":[{"_cls":"SessionEvent","created_at":{"$date":1730098663510},"user":"admin","milliseconds":16407,"tools_used":["Polygon"]}]},{"id":156,"image_id":312,"category_id":1,"dataset_id":7,"segmentation":[[2148.3,3128.7,2143.5,3091.9,2159.5,3055,2177.2,3046.2,2210.8,3035,2225.2,3035.8,2267.7,3080.6,2289.3,3115.9,2291,3149.6,2280.5,3169.6,2254.9,3181.6,2219.6,3204,2185.2,3213.7,2160.3,3168.8,2148.3,3127.9]],"area":18465,"bbox":[2144,3035,147,179],"iscrowd":false,"isbbox":false,"creator":"admin","width":4160,"height":4160,"color":"#66fe56","metadata":{},"milliseconds":30292,"events":[{"_cls":"SessionEvent","created_at":{"$date":1730098679917},"user":"admin","milliseconds":15146,"tools_used":["Polygon"]}]},{"id":157,"image_id":312,"category_id":1,"dataset_id":7,"segmentation":[[2102.8,2339.6,2097.6,2330.6,2116.3,2335.1,2143.4,2347.4,2195.6,2379.6,2235.5,2416.6,2230.3,2423.4,2211,2420.1,2174.3,2417.6,2148.5,2398.9,2115,2368.8,2103.4,2339]],"area":4814,"bbox":[2098,2331,138,92],"iscrowd":false,"isbbox":false,"creator":"admin","width":4160,"height":4160,"color":"#4fe363","metadata":{},"milliseconds":28386,"events":[{"_cls":"SessionEvent","created_at":{"$date":1730098696572},"user":"admin","milliseconds":14193,"tools_used":["Polygon"]}]},{"id":158,"image_id":312,"category_id":1,"dataset_id":7,"segmentation":[[1890.5,1349.6,1912.1,1339.3,1933.8,1344.4,1950.6,1358.9,1962.6,1411.7,1956.2,1446.2,1942.6,1464.6,1905.7,1491.9,1892.1,1520.7,1881.7,1494.3,1884.1,1426.2,1891.3,1349.2]],"area":9729,"bbox":[1882,1339,81,181],"iscrowd":false,"isbbox":false,"creator":"admin","width":4160,"height":4160,"color":"#5cfa00","metadata":{},"milliseconds":23216,"events":[{"_cls":"SessionEvent","created_at":{"$date":1730098710766},"user":"admin","milliseconds":11608,"tools_used":["Polygon"]}]},{"id":159,"image_id":312,"category_id":1,"dataset_id":7,"segmentation":[[1888.9,2004.8,1939.4,1923,1967.4,1923,2003.5,1946.3,2013.9,1963.9,2012.3,2004,1996.3,2057.6,1977.8,2092.1,1939.4,2084.9,1893.7,2060.1,1885.7,2028,1888.1,2004.8]],"area":15691,"bbox":[1886,1923,128,169],"iscrowd":false,"isbbox":false,"creator":"admin","width":4160,"height":4160,"color":"#369f25","metadata":{},"milliseconds":30158,"events":[{"_cls":"SessionEvent","created_at":{"$date":1730098722374},"user":"admin","milliseconds":15079,"tools_used":["Polygon"]}]},{"id":160,"image_id":312,"category_id":1,"dataset_id":7,"segmentation":[[2170.2,2210,2181.6,2161.2,2203.6,2117.8,2225.7,2105.8,2259.7,2109.8,2276.4,2121.2,2295.1,2153.2,2301.8,2207.3,2301.1,2248.7,2295.8,2276.8,2280.4,2290.1,2248.4,2285.5,2203,2272.1,2176.2,2250.1,2166.2,2224.7,2169.6,2210.7]],"area":19286,"bbox":[2166,2106,136,184],"iscrowd":false,"isbbox":false,"creator":"admin","width":4160,"height":4160,"color":"#32fed2","metadata":{},"milliseconds":35092,"events":[{"_cls":"SessionEvent","created_at":{"$date":1730098737453},"user":"admin","milliseconds":17546,"tools_used":["Polygon"]}]},{"id":161,"image_id":312,"category_id":1,"dataset_id":7,"segmentation":[[2617.7,2179.9,2607,2235.4,2591,2287.5,2586.3,2308.2,2544.9,2317.5,2504.1,2306.2,2479.4,2288.1,2476.1,2272.1,2528.8,2151.9,2559.6,2132.5,2589.6,2135.9,2601,2143.9,2611.7,2165.2,2616.3,2179.9]],"area":17865,"bbox":[2476,2133,142,184],"iscrowd":false,"isbbox":false,"creator":"admin","width":4160,"height":4160,"color":"#cdb018","metadata":{},"milliseconds":16349,"events":[{"_cls":"SessionEvent","created_at":{"$date":1730098754999},"user":"admin","milliseconds":16349,"tools_used":["Polygon"]}]},{"id":162,"image_id":312,"category_id":1,"dataset_id":7,"segmentation":[[2728.2,2021.1,2751.4,2010.3,2777.2,2012.2,2789.2,2031.2,2788.1,2057.8,2770.3,2097.2,2761.4,2110.8,2730.5,2110.8,2712.3,2100.7,2704.2,2093,2701.5,2076.4,2728.9,2022.3]],"area":6461,"bbox":[2702,2010,87,101],"iscrowd":false,"isbbox":false,"creator":"admin","width":4160,"height":4160,"color":"#2020ea","metadata":{},"milliseconds":16531,"events":[{"_cls":"SessionEvent","created_at":{"$date":1730098771348},"user":"admin","milliseconds":16531,"tools_used":["Polygon"]}]},{"id":163,"image_id":313,"category_id":1,"dataset_id":7,"segmentation":[[2457.7,1063.8,2421.8,1081.7,2388.5,1075.2,2359.9,1062.3,2330.9,1030.2,2333.5,1018.3,2358,977.9,2379,957.2,2398.1,954.6,2419.9,959.9,2439.3,981.7,2460.3,1014.1,2458,1063.8]],"area":11687,"bbox":[2331,955,129,127],"iscrowd":false,"isbbox":false,"creator":"admin","width":2855,"height":2855,"color":"#ab142a","metadata":{},"milliseconds":23800,"events":[{"_cls":"SessionEvent","created_at":{"$date":1730098793174},"user":"admin","milliseconds":11900,"tools_used":["Polygon"]}]},{"id":164,"image_id":313,"category_id":1,"dataset_id":7,"segmentation":[[2129.6,887.7,2151.7,885.4,2176.6,897.7,2198,929.4,2206.4,973.3,2202.5,1008,2158.6,1014.1,2112.4,1012.2,2079.2,981.7,2073.8,940,2105.1,899.2,2128.1,887.3]],"area":13355,"bbox":[2074,885,132,129],"iscrowd":false,"isbbox":false,"creator":"admin","width":2855,"height":2855,"color":"#07d9d1","metadata":{},"milliseconds":22166,"events":[{"_cls":"SessionEvent","created_at":{"$date":1730098805074},"user":"admin","milliseconds":11083,"tools_used":["Polygon"]}]},{"id":165,"image_id":313,"category_id":1,"dataset_id":7,"segmentation":[[2596.1,893.4,2623.6,878,2644.5,882.9,2677.5,932.4,2679.7,933.5,2684.6,950.6,2674.7,967.6,2637.3,964.9,2613.7,957.2,2596.6,939.6,2593.3,918.7,2595,895]],"area":5696,"bbox":[2593,878,92,90],"iscrowd":false,"isbbox":false,"creator":"admin","width":2855,"height":2855,"color":"#5e39ce","metadata":{},"milliseconds":40926,"events":[{"_cls":"SessionEvent","created_at":{"$date":1730098816157},"user":"admin","milliseconds":20463,"tools_used":["Polygon"]}]},{"id":166,"image_id":313,"category_id":1,"dataset_id":7,"segmentation":[[1948.1,775.7,1962.6,746.7,1973.2,732.2,1996.3,726.9,2014.1,731.5,2035.9,749.3,2048.4,808.7,2039.2,825.2,2005.5,845.7,1944.8,827.9,1933.6,821.3,1946.8,775.1]],"area":9575,"bbox":[1934,727,114,119],"iscrowd":false,"isbbox":false,"creator":"admin","width":2855,"height":2855,"color":"#1492d0","metadata":{},"milliseconds":38894,"events":[{"_cls":"SessionEvent","created_at":{"$date":1730098837954},"user":"admin","milliseconds":19447,"tools_used":["Polygon"]}]},{"id":167,"image_id":313,"category_id":1,"dataset_id":7,"segmentation":[[414.7,1053.1,409.2,1041.7,407.5,1029.6,414.1,1011.4,425.1,996.6,444.4,994.4,461.4,997.7,494.4,1005.9,524.1,1018,528,1029.6,524.1,1040,487.3,1089,470.8,1098.3,457,1092.3,433.9,1071.4]],"area":8227,"bbox":[408,994,120,104],"iscrowd":false,"isbbox":false,"creator":"admin","width":2855,"height":2855,"color":"#3893ec","metadata":{},"milliseconds":23906,"events":[{"_cls":"SessionEvent","created_at":{"$date":1730098857401},"user":"admin","milliseconds":11953,"tools_used":["Polygon"]}]},{"id":168,"image_id":313,"category_id":1,"dataset_id":7,"segmentation":[[629.7,1098.9,604.4,1043.9,602.2,1020.8,613.2,997.7,629.7,980.6,650.1,970.7,669.9,974.6,717.2,999.3,733.1,1011.4,733.1,1033.4,711.1,1081.3,682.5,1096.7,646.8,1111.5,628.6,1098.3]],"area":12857,"bbox":[602,971,131,140],"iscrowd":false,"isbbox":false,"creator":"admin","width":2855,"height":2855,"color":"#c849e1","metadata":{},"milliseconds":30730,"events":[{"_cls":"SessionEvent","created_at":{"$date":1730098869354},"user":"admin","milliseconds":15365,"tools_used":["Polygon"]}]},{"id":169,"image_id":313,"category_id":1,"dataset_id":7,"segmentation":[[772.1,969.2,767.5,940.4,781.8,911,809.3,891.8,834.9,888.6,863.3,896.8,887.2,915.2,900,938.5,894,960.1,876.2,980.7,855.1,1004.1,834.5,1012.3,791.8,1020.1,787.7,1018.7,773.5,969.7]],"area":12435,"bbox":[768,889,132,131],"iscrowd":false,"isbbox":false,"creator":"admin","width":2855,"height":2855,"color":"#9eea59","metadata":{},"milliseconds":24170,"events":[{"_cls":"SessionEvent","created_at":{"$date":1730098885684},"user":"admin","milliseconds":12085,"tools_used":["Polygon"]}]},{"id":170,"image_id":313,"category_id":1,"dataset_id":7,"segmentation":[[920.6,832.7,924.7,794.6,933,773.1,950,755.7,977.5,749.7,1005.9,756.6,1029.2,776.8,1042.1,796.9,1041.2,816.2,1029.2,838.6,1002.7,852.8,975.6,859.3,946.7,860.2,929.8,858.8,920.6,850.1]],"area":10559,"bbox":[921,750,121,110],"iscrowd":false,"isbbox":false,"creator":"admin","width":2855,"height":2855,"color":"#3868f3","metadata":{},"milliseconds":30602,"events":[{"_cls":"SessionEvent","created_at":{"$date":1730098897769},"user":"admin","milliseconds":15301,"tools_used":["Polygon"]}]},{"id":171,"image_id":314,"category_id":1,"dataset_id":7,"segmentation":[[3629.5,1149.8,3549.9,1169.5,3480.6,1199.5,3436.8,1191.4,3387.2,1152.2,3322.5,1085.2,3290.2,988.3,3290.2,981.4,3300.6,930.6,3368.7,884.4,3428.7,868.3,3469.1,917.9,3567.2,1066.8,3604.1,1125.6,3628.3,1145.2]],"area":63705,"bbox":[3290,868,340,332],"iscrowd":false,"isbbox":false,"creator":"admin","width":4160,"height":4160,"color":"#60fa82","metadata":{},"milliseconds":26068,"events":[{"_cls":"SessionEvent","created_at":{"$date":1730099015260},"user":"admin","milliseconds":13034,"tools_used":["Polygon"]}]},{"id":172,"image_id":314,"category_id":1,"dataset_id":7,"segmentation":[[970.3,536.8,966.4,519.5,963.7,484.4,969.8,457.7,983.7,428.8,1031,376.5,1044.4,368.7,1067.7,359.2,1080.5,360.9,1126.7,372,1203,408.2,1260.3,441.6,1306.5,509.5,1299.8,540.1,1255.3,601.9,1204.6,666.4,1157.3,683.7,1125,669.2,1122.3,665.9,1065.5,631.9,970.9,537.7]],"area":73408,"bbox":[964,359,343,325],"iscrowd":false,"isbbox":false,"creator":"admin","width":4160,"height":4160,"color":"#43e68e","metadata":{},"milliseconds":49380,"events":[{"_cls":"SessionEvent","created_at":{"$date":1730098990570},"user":"admin","milliseconds":24690,"tools_used":["Polygon"]}]},{"id":173,"image_id":314,"category_id":1,"dataset_id":7,"segmentation":[[496.9,665.1,494.5,640.2,503.3,608.2,533.8,551.3,573.9,512.8,613.9,496,652.4,497.6,707.7,522.4,707.7,524,761.4,556.9,823.1,617,847.1,681.1,831.1,718.7,804.6,754,759.8,806.1,715.7,832.5,679.6,829.3,625.9,798.9,523.4,696.3,497.7,666.4]],"area":78883,"bbox":[495,496,352,337],"iscrowd":false,"isbbox":false,"creator":"admin","width":4160,"height":4160,"color":"#04e3fd","metadata":{},"milliseconds":43418,"events":[{"_cls":"SessionEvent","created_at":{"$date":1730098968861},"user":"admin","milliseconds":21709,"tools_used":["Polygon"]}]},{"id":174,"image_id":314,"category_id":1,"dataset_id":7,"segmentation":[[495.5,1182.1,488.3,1157.1,489.2,1085,509.3,1059.2,561,1010.4,612.7,1010.4,681.6,1030.5,753.4,1087.9,816.6,1159.7,813.7,1197,793.6,1237.2,724.7,1317.6,670.1,1323.4,641.4,1320.5,595.5,1268.8,495,1182.7]],"area":70687,"bbox":[488,1010,329,313],"iscrowd":false,"isbbox":false,"creator":"admin","width":4160,"height":4160,"color":"#b48329","metadata":{},"milliseconds":61392,"events":[{"_cls":"SessionEvent","created_at":{"$date":1730098938165},"user":"admin","milliseconds":30696,"tools_used":["Polygon"]}]},{"id":175,"image_id":314,"category_id":1,"dataset_id":7,"segmentation":[[572.5,2147.5,563.9,2141.7,572.5,2110.2,581.1,2067.1,581.1,2058.5,607,2021.1,658.6,1986.7,684.5,1995.3,776.4,2049.8,830.9,2101.5,833.8,2101.5,836.7,2107.3,845.3,2153.2,825.2,2196.3,819.4,2202,819.4,2204.9,767.8,2268.1,727.6,2259.5,678.7,2239.4,604.1,2176.2,572.5,2144.6]],"area":50707,"bbox":[564,1987,281,281],"iscrowd":false,"isbbox":false,"creator":"admin","width":4160,"height":4160,"color":"#0af176","metadata":{},"milliseconds":14172,"events":[{"_cls":"SessionEvent","created_at":{"$date":1730098923994},"user":"admin","milliseconds":14172,"tools_used":["Polygon"]}]},{"id":176,"image_id":315,"category_id":1,"dataset_id":7,"segmentation":[[466.3,2561.6,487,2553.1,514.3,2558.8,537.8,2576.6,541.6,2623.7,523.7,2692.4,500.2,2724.4,458.7,2749.8,433.3,2757.4,422,2726.3,439,2654.8,466.3,2560.6]],"area":15872,"bbox":[422,2553,120,204],"iscrowd":false,"isbbox":false,"creator":"admin","width":3957,"height":3957,"color":"#ea210c","metadata":{},"milliseconds":23630,"events":[{"_cls":"SessionEvent","created_at":{"$date":1730099048464},"user":"admin","milliseconds":11815,"tools_used":["Polygon"]}]},{"id":177,"image_id":315,"category_id":1,"dataset_id":7,"segmentation":[[1504.3,3208.8,1525,3161.7,1545.7,3133.5,1596.5,3137.3,1644.5,3163.6,1661.5,3210.7,1675.6,3278.5,1675.6,3309.5,1645.5,3315.2,1582.4,3306.7,1531.6,3287.9,1509,3272.8,1502.4,3207.9]],"area":24057,"bbox":[1502,3134,174,181],"iscrowd":false,"isbbox":false,"creator":"admin","width":3957,"height":3957,"color":"#e006ab","metadata":{},"milliseconds":32740,"events":[{"_cls":"SessionEvent","created_at":{"$date":1730099060279},"user":"admin","milliseconds":16370,"tools_used":["Polygon"]}]},{"id":178,"image_id":315,"category_id":1,"dataset_id":7,"segmentation":[[2243.5,3504.9,2242.9,3453.7,2247.8,3427.6,2270.2,3403.6,2312.6,3394.9,2339.3,3403.6,2378,3486.9,2393.3,3524,2393.8,3534.3,2384,3546.8,2354.6,3557.7,2314.3,3556.1,2283.2,3548.5,2246.7,3531,2242.9,3503.8]],"area":18533,"bbox":[2243,3395,151,163],"iscrowd":false,"isbbox":false,"creator":"admin","width":3957,"height":3957,"color":"#dfcd81","metadata":{},"milliseconds":88250,"events":[{"_cls":"SessionEvent","created_at":{"$date":1730099076649},"user":"admin","milliseconds":44125,"tools_used":["Polygon"]}]}]}